cluster_id,size,funcionales_count,no_funcionales_count,solo_backups_count,recommendation,members
3,3,3,0,0,fusionar_activas,ach_recomendado_bano;ach_recomendado_cocina;ach_recomendado_salon
38,5,0,5,5,recuperar_o_revisar_backups,alerta_calor_activa;alerta_frio_activa;alerta_polvo_activa;alerta_rachas_activa;alerta_rayos_activa
19,5,0,5,5,recuperar_o_revisar_backups,alerta_calor_componente_humedad;alerta_calor_componente_uv;alerta_tormenta_componente_humedad;alerta_tormenta_componente_presion;alerta_tormenta_componente_radiacion
20,2,0,2,2,recuperar_o_revisar_backups,alerta_calor_componente_temperatura;alerta_frio_componente_temperatura
22,2,0,2,2,recuperar_o_revisar_backups,alerta_calor_extremo_score;alerta_frio_extremo_score
33,4,0,4,4,recuperar_o_revisar_backups,alerta_frio_componente_viento;alerta_polvo_componente_pm10;alerta_polvo_componente_pm25;alerta_polvo_componente_viento
27,2,0,2,2,recuperar_o_revisar_backups,alerta_helada_radiativa_activa;alerta_helada_radiativa_score
47,2,2,0,0,fusionar_activas,altitud;latitud
60,2,2,0,0,fusionar_activas,angulo_horario_puesta_sol;angulo_horario_puesta_sol_deg
65,2,2,0,0,fusionar_activas,aod_angstrom_310nm;aod_angstrom_500nm
76,2,2,0,0,fusionar_activas,ashrae55_limite_inferior_80;ashrae55_limite_superior_80
80,2,2,0,0,fusionar_activas,auto_discovery_modules_scanned;auto_discovery_motores_escaneados
94,2,2,0,0,fusionar_activas,beaufort_10_temporal_muy_fuerte;beaufort_9_temporal_fuerte
98,2,2,0,0,fusionar_activas,beaufort_2_brisa_muy_debil;beaufort_3_brisa_debil
102,2,2,0,0,fusionar_activas,beaufort_5_brisa_fresca;beaufort_6_brisa_fuerte
106,6,6,0,0,fusionar_activas,bias_temperatura;isa_temperatura;mae_temperatura;mse_temperatura;rmse_temperatura;z_score_temperatura
114,2,2,0,0,fusionar_activas,brunt_coef_a;brunt_coef_b
126,2,2,0,0,fusionar_activas,calor_especifico_agua;calor_especifico_vapor
128,3,3,0,0,fusionar_activas,calor_especifico_aire_seco;calor_especifico_dinamico;calor_especifico_hielo
134,2,2,0,0,fusionar_activas,calor_latente_vaporizacion;calor_latente_vaporizacion_0c
152,2,2,0,0,fusionar_activas,categoria_estres_calor;categoria_estres_ganado
626,5,5,0,0,fusionar_activas,categoria_historica_temperatura;maximo_historico_temperatura;media_historica_temperatura;minimo_historico_temperatura;rango_historico_temperatura
181,2,2,0,0,fusionar_activas,coeficiente_angstrom_alpha;coeficiente_angstrom_beta
193,2,2,0,0,fusionar_activas,coherencia_general_sensores;coherencia_sensores
195,3,3,0,0,fusionar_activas,condensacion_alto;condensacion_bajo;condensacion_muy_alto
210,2,2,0,0,fusionar_activas,confort_calor_extremo;confort_frio_extremo
212,2,2,0,0,fusionar_activas,confort_fresco;confort_frio
222,3,3,0,0,fusionar_activas,constante_boltzmann;constante_stefan_boltzmann;constante_stefan_boltzmann_si
227,5,5,0,0,fusionar_activas,constante_solar;constante_solar_fao56;constante_solar_fao56_wm2;constante_solar_gsc;constante_solar_w_m2
240,5,3,2,2,fusionar_activas,declinacion_solar;declinacion_solar_deg;declinacion_solar_grados;declinacion_solar_rad;declinacion_solar_simple
260,2,2,0,0,fusionar_activas,depresion_muy_nublado;depresion_poco_nublado
265,2,2,0,0,fusionar_activas,desviacion_estandar_temperatura;desviacion_patron_temperatura
291,2,2,0,0,fusionar_activas,distancia_tierra_sol;factor_distancia_tierra_sol
297,2,2,0,0,fusionar_activas,elevacion_solar;seno_elevacion_solar
300,2,2,0,0,fusionar_activas,elite_muro_valor_maximo;elite_muro_valor_minimo
303,2,0,2,0,recuperar_o_revisar_backups,emis ividad_cuerpo_humano;emis ividad_cuerpo_negro
311,2,2,0,0,fusionar_activas,entalpia_aire_humedo;entalpia_aire_humedo_total
322,2,2,0,0,fusionar_activas,escenario_optimista_temp;escenario_pesimista_temp
334,2,2,0,0,fusionar_activas,et0_muy_alto;et0_muy_bajo
336,2,2,0,0,fusionar_activas,et0_soil_shuttleworth;et0_total_shuttleworth
349,2,2,0,0,fusionar_activas,evapotranspiracion_potencial_et0;evapotranspiracion_real_etr
351,3,3,0,0,fusionar_activas,excentricidad_orbita;excentricidad_orbita_tierra;factor_excentricidad_orbital
357,2,2,0,0,fusionar_activas,factor_capacidad_eolica;factor_capacidad_fotovoltaica
362,2,2,0,0,fusionar_activas,factor_correccion_vapor;factor_correccion_vapor_humedo
364,2,2,0,0,fusionar_activas,factor_crecimiento_higroscopico_aerosol;factor_crecimiento_higroscopico_f_RH
371,2,2,0,0,fusionar_activas,factor_gravedad_altitud;factor_gravedad_latitud
373,3,3,0,0,fusionar_activas,factor_hpa_a_pa;factor_pa_a_atm;factor_pa_a_kpa
378,5,5,0,0,fusionar_activas,factor_kmh_a_ms;factor_m_a_km;factor_mm_a_m;factor_mph_a_kmh;factor_ms_a_kmh
394,3,3,0,0,fusionar_activas,fanger_fcl;fanger_hc;fanger_icl
410,2,2,0,0,fusionar_activas,fraccion_nitrogeno;fraccion_oxigeno
418,2,2,0,0,fusionar_activas,fried_r0_muy_pobre;fried_r0_pobre
422,4,4,0,0,fusionar_activas,gab_hormigon;gab_hormigon_a;gab_hormigon_b;gab_hormigon_c
426,4,4,0,0,fusionar_activas,gab_ladrillo;gab_ladrillo_a;gab_ladrillo_b;gab_ladrillo_c
430,4,4,0,0,fusionar_activas,gab_madera;gab_madera_a;gab_madera_b;gab_madera_c
434,4,4,0,0,fusionar_activas,gab_yeso;gab_yeso_a;gab_yeso_b;gab_yeso_c
448,4,4,0,0,fusionar_activas,gradiente_adiabatico_seco;gradiente_adiabatico_seco_teorico;gradiente_termico_adiabatico_humedo;gradiente_termico_adiabatico_seco
452,4,4,0,0,fusionar_activas,grados_dia_calefaccion_hdd_acumulado;grados_dia_calefaccion_hdd_dia;grados_dia_refrigeracion_cdd_acumulado;grados_dia_refrigeracion_cdd_dia
460,2,2,0,0,fusionar_activas,heat_index_componente_hr;heat_index_componente_temp
464,4,4,0,0,fusionar_activas,helada_punto_rocio_riesgo_alto;helada_punto_rocio_riesgo_bajo;helada_punto_rocio_riesgo_moderado;helada_punto_rocio_riesgo_muy_alto
473,2,2,0,0,fusionar_activas,hora_temperatura_maxima;hora_temperatura_minima
477,3,3,0,0,fusionar_activas,humedad_absoluta;humedad_absoluta_max;humedad_suelo_absoluta
481,3,3,0,0,fusionar_activas,humedad_aire_humedo;humedad_aire_muy_seco;humedad_aire_seco
483,2,2,0,0,fusionar_activas,humedad_confort_max;humedad_confort_min
489,4,4,0,0,fusionar_activas,humedad_especifica;humedad_especifica_aprox;humedad_especifica_critica;humedad_especifica_q
492,2,2,0,0,fusionar_activas,humedad_relativa_max;humedad_relativa_min
501,6,6,0,0,fusionar_activas,hyland_wexler_c1;hyland_wexler_c2;hyland_wexler_c3;hyland_wexler_c4;hyland_wexler_c5;hyland_wexler_c6
507,4,4,0,0,fusionar_activas,iapws_n1;iapws_n2;iapws_n3;iapws_n4
520,2,2,0,0,fusionar_activas,indice_humedad_0_1;indice_sequedad_0_1
574,3,3,0,0,fusionar_activas,indice_visibilidad;limite_estabilidad;limite_visibilidad
529,2,2,0,0,fusionar_activas,inercia_termica;score_inercia_termica
538,2,2,0,0,fusionar_activas,inversion_termica_detectada;inversion_termica_pct
540,2,2,0,0,fusionar_activas,isa_altitud;isa_latitud
547,2,2,0,0,fusionar_activas,isa_presion_nivel_mar;presion_nivel_mar
549,2,2,0,0,fusionar_activas,isa_temperatura_nivel_mar;temperatura_nivel_mar_isa
552,2,1,1,1,mantener_activa_y_recuperar_otros,k_index_categoria;lifted_index_categoria
553,2,2,0,0,fusionar_activas,k_index_sin_tormentas;k_index_tormenta
555,2,2,0,0,fusionar_activas,k_index_tormenta_muy_probable;k_index_tormenta_posible
563,2,2,0,0,fusionar_activas,latitud_radianes;longitud_radianes
569,3,3,0,0,fusionar_activas,lifted_index_estable;lifted_index_inestable;lifted_index_muy_inestable
573,2,2,0,0,fusionar_activas,limite_energia;limite_generico
576,4,4,0,0,fusionar_activas,limite_humedad_max;limite_humedad_min;tope_humedad_max;tope_humedad_min
580,2,2,0,0,fusionar_activas,limite_zeta_max;limite_zeta_min
582,2,2,0,0,fusionar_activas,lluvia_fuerte;lluvia_muy_fuerte
583,2,2,0,0,fusionar_activas,lluvia_ligera;lluvia_muy_ligera
597,3,3,0,0,fusionar_activas,longitud_rugosidad_bosque;longitud_rugosidad_cesped;longitud_rugosidad_urbano
606,3,3,0,0,fusionar_activas,manifiesto_num_predicciones;manifiesto_predicciones_count;manifiesto_predicciones_version
611,2,2,0,0,fusionar_activas,manifiesto_verificado;manifiesto_version
621,4,4,0,0,fusionar_activas,masa_molar_agua;masa_molar_vapor;masa_molar_vapor_agua;masa_molar_vapor_laplace
619,2,2,0,0,fusionar_activas,masa_molar_aire_seco;masa_molar_aire_seco_laplace
628,2,2,0,0,fusionar_activas,media_movil_30dias_temperatura;media_movil_7dias_temperatura
649,2,2,0,0,fusionar_activas,moho_vtt_alto_riesgo;moho_vtt_sin_riesgo
659,7,7,0,0,fusionar_activas,monin_obukhov_L;monin_obukhov_cp;monin_obukhov_g;monin_obukhov_kappa;monin_obukhov_u_star;monin_obukhov_z0;monin_obukhov_zeta
677,2,2,0,0,fusionar_activas,offset_c_a_k;offset_f_a_c
688,3,3,0,0,fusionar_activas,ozono_variacion_A;ozono_variacion_B;ozono_variacion_C
698,5,5,0,0,fusionar_activas,pasquill_clase_a_muy_inestable;pasquill_clase_b_inestable;pasquill_clase_d_neutral;pasquill_clase_e_estable;pasquill_clase_f_muy_estable
704,2,2,0,0,fusionar_activas,pasquill_sigma_y_a;pasquill_sigma_z_a
709,10,10,0,0,fusionar_activas,percentil_10_temperatura;percentil_25_temperatura;percentil_50_temperatura_mediana;percentil_75_temperatura;percentil_90_temperatura;percentil_95_temperatura;percentil_99_temperatura;percentil_actual_temperatura;precision_actual_temperatura;precision_nominal_temperatura
719,2,2,0,0,fusionar_activas,perdida_calor_radiacion;perdida_calor_sudoracion
720,2,2,0,0,fusionar_activas,perdida_calor_respiracion_latente;perdida_calor_respiracion_sensible
732,2,2,0,0,fusionar_activas,pm10_excelente;pm25_excelente
733,2,2,0,0,fusionar_activas,pm10_moderada;pm25_moderada
734,4,4,0,0,fusionar_activas,pm10_muy_pobre;pm10_pobre;pm25_muy_pobre;pm25_pobre
745,2,2,0,0,fusionar_activas,pmv_caluroso;pmv_muy_caluroso
760,2,2,0,0,fusionar_activas,ppd_fanger;ppd_fanger_pct
771,2,2,0,0,fusionar_activas,presion_record_alto;presion_record_bajo
773,2,2,0,0,fusionar_activas,presion_referencia_psicrometria;temp_referencia_psicrometria
779,2,2,0,0,fusionar_activas,probabilidad_lluvia_continua_proxima_6h;probabilidad_lluvia_proxima_24h
788,2,2,0,0,fusionar_activas,radiacion_extraterrestre;radiacion_extraterrestre_wm2
791,2,2,0,0,fusionar_activas,radiacion_neta_onda_corta;radiacion_neta_onda_larga
814,2,2,0,0,fusionar_activas,resistencia_aerodinamica;resistencia_aerodinamica_ra
821,5,5,0,0,fusionar_activas,richardson_estabilidad;richardson_estable;richardson_inestable;richardson_muy_inestable;richardson_neutral
833,4,4,0,0,fusionar_activas,riesgo_moho;riesgo_moho_activo;riesgo_moho_pct;vtt_riesgo_moho
848,3,3,0,0,fusionar_activas,ruido_muy_silencioso;ruido_silencio_absoluto;ruido_silencioso
851,4,4,0,0,fusionar_activas,salud_edificio_buena;salud_edificio_mala;salud_edificio_muy_buena;salud_edificio_pobre
856,2,2,0,0,fusionar_activas,saturacion_vapor_elite;saturacion_vapor_elite_hpa
868,3,3,0,0,fusionar_activas,sequia_componente_hr;sequia_componente_temp;sequia_componente_vpd
873,2,2,0,0,fusionar_activas,stefan_boltzmann_fao56;stefan_boltzmann_si
883,3,3,0,0,fusionar_activas,temp_500hpa_c;temp_700hpa_c;temp_850hpa_c
887,2,2,0,0,fusionar_activas,temp_adiabatica_1000m;temp_adiabatica_2000m
889,2,2,0,0,fusionar_activas,temp_maxima_superficie_tierra;temp_minima_superficie_tierra
903,2,2,0,0,fusionar_activas,temperatura_maxima_dia;temperatura_minima_dia
907,2,2,0,0,fusionar_activas,temperatura_operativa;temperatura_operativa_ashrae
913,3,2,1,1,fusionar_activas,temperatura_raw;temperatura_virtual;temperatura_virtual_laplace
918,2,2,0,0,fusionar_activas,temperatura_virtual_correccion;temperatura_virtual_corregida
921,3,3,0,0,fusionar_activas,tendencia_humedad_1h;tendencia_humedad_3h;tendencia_humedad_suelo
924,3,3,0,0,fusionar_activas,tendencia_presion;tendencia_presion_1h;tendencia_presion_3h
928,2,2,0,0,fusionar_activas,tendencia_temperatura_1h;tendencia_temperatura_3h
944,2,2,0,0,fusionar_activas,tope_cape_max;tope_cape_min
946,2,2,0,0,fusionar_activas,tope_energia_max;tope_energia_min
948,2,2,0,0,fusionar_activas,tope_estabilidad_max;tope_estabilidad_min
952,2,2,0,0,fusionar_activas,tope_indice_generico_max;tope_indice_generico_min
954,2,2,0,0,fusionar_activas,tope_presion_max;tope_presion_min
956,2,2,0,0,fusionar_activas,tope_radiacion_max;tope_radiacion_min
958,2,2,0,0,fusionar_activas,tope_temperatura_max;tope_temperatura_min
960,2,2,0,0,fusionar_activas,tope_viento_max;tope_viento_min
962,2,2,0,0,fusionar_activas,tope_zeta_max;tope_zeta_min
969,2,2,0,0,fusionar_activas,turbidez_linke_aire_limpio;turbidez_linke_aire_puro
974,2,0,2,2,recuperar_o_revisar_backups,umbral_calor_extremo;umbral_frio_extremo
984,2,2,0,0,fusionar_activas,utci_delta_radiante_max;utci_delta_radiante_min
986,6,6,0,0,fusionar_activas,utci_estres_calor_extremo;utci_estres_calor_fuerte;utci_estres_calor_muy_fuerte;utci_estres_frio_extremo;utci_estres_frio_fuerte;utci_estres_frio_muy_fuerte
988,2,2,0,0,fusionar_activas,utci_estres_calor_moderado;utci_estres_frio_moderado
996,4,4,0,0,fusionar_activas,utci_temp_max;utci_temp_min;utci_vp_max;utci_vp_min
998,2,2,0,0,fusionar_activas,utci_viento_max;utci_viento_min
1009,2,2,0,0,fusionar_activas,velocidad_corte_entrada;velocidad_corte_salida
1012,2,2,0,0,fusionar_activas,velocidad_friccion;velocidad_friccion_ustar
1027,2,2,0,0,fusionar_activas,ventilacion_ideal_co2;ventilacion_ideal_temp
1037,2,2,0,0,fusionar_activas,viento_huracan_cat1;viento_huracan_cat5
1045,3,3,0,0,fusionar_activas,virial_b11_coef;virial_b12_coef;virial_b22_coef
1050,3,3,0,0,fusionar_activas,visibilidad_buena;visibilidad_muy_buena;visibilidad_pobre
1056,2,2,0,0,fusionar_activas,visibilidad_km;visibilidad_m
1077,2,2,0,0,fusionar_activas,wbgt_estres_alto;wbgt_estres_bajo
1082,2,0,2,2,recuperar_o_revisar_backups,wbgt_liljegren;wbgt_liljegren_c
1084,5,3,2,2,fusionar_activas,wbgt_peso_ta_outdoor;wbgt_peso_tg_indoor;wbgt_peso_tg_outdoor;wbgt_peso_tnwb_indoor;wbgt_peso_tnwb_outdoor
1094,16,16,0,0,fusionar_activas,wexler_coef_g0_agua;wexler_coef_g1_agua;wexler_coef_g2_agua;wexler_coef_g3_agua;wexler_coef_g4_agua;wexler_coef_g5_agua;wexler_coef_g6_agua;wexler_coef_g7_agua;wexler_g0_agua;wexler_g1_agua;wexler_g2_agua;wexler_g3_agua;wexler_g4_agua;wexler_g5_agua;wexler_g6_agua;wexler_g7_agua
1095,2,2,0,0,fusionar_activas,wexler_coef_g0_hielo;wexler_coef_g1_hielo
1114,6,6,0,0,fusionar_activas,wexler_k0_hielo;wexler_k1_hielo;wexler_k2_hielo;wexler_k3_hielo;wexler_k4_hielo;wexler_k5_hielo
1121,2,2,0,0,fusionar_activas,wexler_rango_validez_max;wexler_rango_validez_min
1126,3,3,0,0,fusionar_activas,windchill_componente_interaccion;windchill_componente_temp;windchill_componente_viento
