name,files
"aceleracion_temperatura","core\system\bus_expander.py"
"aceleracion_viento","core\system\bus_expander.py"
"ach_minimo_dormitorio","core\system\bus_expander.py"
"ach_recomendado_bano","core\system\bus_expander.py"
"ach_recomendado_cocina","core\system\bus_expander.py"
"ach_recomendado_dormitorio","core\system\bus_expander.py"
"ach_recomendado_salon","core\system\bus_expander.py"
"airmass_correccion_presion","core\system\bus_expander.py"
"albedo_agua","core\system\bus_expander.py"
"albedo_base_cobertura","core\system\bus_expander.py"
"albedo_cesped","core\system\bus_expander.py"
"albedo_cultivo_verde","core\system\bus_expander.py"
"albedo_dinamico","core\system\bus_expander.py"
"albedo_nieve_fresca","core\system\bus_expander.py"
"albedo_nieve_vieja","core\system\bus_expander.py"
"albedo_suelo_desnudo","core\system\bus_expander.py"
"albedo_superficie","core\system\bus_expander.py"
"alerta_polvo_draxler_score","core\system\bus_expander.py"
"alerta_tormenta_activa","core\system\bus_expander.py"
"alerta_tormenta_score","core\system\bus_expander.py;core\system\bus_expander.py"
"altitud","core\system\bus_expander.py"
"altitud_estacion","core\system\bus_expander.py"
"altitud_inversion_estimada","core\system\bus_expander.py"
"altura_capa_limite_estimada","core\system\bus_expander.py"
"altura_capa_mezcla_m","core\system\bus_expander.py"
"altura_geopotencial","core\system\bus_expander.py"
"altura_medicion_viento","core\system\bus_expander.py"
"altura_referencia_viento","core\system\bus_expander.py"
"altura_turbulencia_efectiva_m","core\system\bus_expander.py"
"amplitud_ciclo_termico","core\system\bus_expander.py"
"amplitud_termica_diurna","core\system\bus_expander.py"
"angulo_cenital_deg","core\system\bus_expander.py"
"angulo_horario_puesta_sol","core\system\bus_expander.py"
"angulo_horario_puesta_sol_deg","core\system\bus_expander.py"
"anomalia_presion","core\system\bus_expander.py"
"anomalia_temperatura","core\system\bus_expander.py"
"aod_angstrom_310nm","core\system\bus_expander.py"
"aod_angstrom_500nm","core\system\bus_expander.py"
"aod_base_koschmieder","core\system\bus_expander.py"
"aptitud_vuelo_cetreria","core\system\bus_expander.py"
"aqi_compuesto","core\system\bus_expander.py"
"aqi_pm10","core\system\bus_expander.py"
"aqi_pm25","core\system\bus_expander.py"
"arco_solar","core\system\bus_expander.py;core\system\bus_expander.py"
"area_superficial_cuerpo_dubois","core\system\bus_expander.py"
"ashrae55_aceptabilidad","core\system\bus_expander.py"
"ashrae55_limite_inferior_80","core\system\bus_expander.py"
"ashrae55_limite_superior_80","core\system\bus_expander.py"
"ashrae55_temp_confort","core\system\bus_expander.py"
"auto_discovery_enabled","core\system\bus_expander.py"
"auto_discovery_modules_scanned","core\system\bus_expander.py"
"auto_discovery_motores_escaneados","core\system\bus_expander.py"
"auto_discovery_subfactores_encontrados","core\system\bus_expander.py"
"auto_discovery_timestamp","core\system\bus_expander.py"
"auto_discovery_version","core\system\bus_expander.py"
"azimut_solar","core\system\bus_expander.py"
"balance_energetico_W","core\system\bus_expander.py"
"balance_hidrico_24h","core\system\bus_expander.py"
"balance_hidrico_anual_mm","core\system\bus_expander.py"
"barro_campo_bucket_pct","core\system\bus_expander.py"
"base_calefaccion","core\system\bus_expander.py"
"base_refrigeracion","core\system\bus_expander.py"
"beaufort_0_calma","core\system\bus_expander.py"
"beaufort_10_temporal_muy_fuerte","core\system\bus_expander.py"
"beaufort_11_tempestad","core\system\bus_expander.py"
"beaufort_12_huracan","core\system\bus_expander.py"
"beaufort_1_ventolina","core\system\bus_expander.py"
"beaufort_2_brisa_muy_debil","core\system\bus_expander.py"
"beaufort_3_brisa_debil","core\system\bus_expander.py"
"beaufort_4_brisa_moderada","core\system\bus_expander.py"
"beaufort_5_brisa_fresca","core\system\bus_expander.py"
"beaufort_6_brisa_fuerte","core\system\bus_expander.py"
"beaufort_7_viento_fuerte","core\system\bus_expander.py"
"beaufort_8_temporal","core\system\bus_expander.py"
"beaufort_9_temporal_fuerte","core\system\bus_expander.py"
"bias_temperatura","core\system\bus_expander.py"
"biotemperatura_holdridge","core\system\bus_expander.py"
"bochorno_insoportable","core\system\bus_expander.py"
"bochorno_intenso","core\system\bus_expander.py"
"bochorno_ligero","core\system\bus_expander.py"
"bochorno_moderado","core\system\bus_expander.py"
"bochorno_sin","core\system\bus_expander.py"
"brier_score_prediccion","core\system\bus_expander.py"
"brunt_coef_a","core\system\bus_expander.py"
"brunt_coef_b","core\system\bus_expander.py"
"brunt_factor_nubosidad_0_despejado","core\system\bus_expander.py"
"brunt_factor_nubosidad_100_cubierto","core\system\bus_expander.py"
"brunt_factor_nubosidad_50_parcial","core\system\bus_expander.py"
"brunt_vaisala_N2","core\system\bus_expander.py"
"brunt_vaisala_frequency","core\system\bus_expander.py"
"bus_expander_version","core\system\bus_expander.py"
"calidad_aire_categoria","core\system\bus_expander.py"
"calidad_datos_temperatura","core\system\bus_expander.py"
"calidad_estimacion_geografica","core\system\bus_expander.py"
"calidad_ventilacion_pct","core\system\bus_expander.py"
"calor_especifico_agua","core\system\bus_expander.py"
"calor_especifico_aire_seco","core\system\bus_expander.py"
"calor_especifico_dinamico","core\system\bus_expander.py"
"calor_especifico_hielo","core\system\bus_expander.py"
"calor_especifico_vapor","core\system\bus_expander.py"
"calor_fusion_hielo","core\system\bus_expander.py"
"calor_latente_fusion","core\system\bus_expander.py"
"calor_latente_sublimacion_0c","core\system\bus_expander.py"
"calor_latente_vaporizacion","core\system\bus_expander.py;core\system\bus_expander.py"
"calor_latente_vaporizacion_0c","core\system\bus_expander.py"
"cambio_nubosidad_rapido","core\system\bus_expander.py"
"cambio_rapido_presion","core\system\bus_expander.py"
"cambio_rapido_temperatura","core\system\bus_expander.py"
"capacidad_campo_mm","core\system\bus_expander.py"
"cape","core\system\bus_expander.py;core\system\bus_expander.py;core\system\bus_expander.py;core\system\bus_expander.py;core\system\bus_expander.py"
"cape_categoria","core\system\bus_expander.py;core\system\bus_expander.py"
"cape_debil","core\system\bus_expander.py"
"cape_fuerte","core\system\bus_expander.py"
"cape_j_kg","core\system\bus_expander.py"
"cape_moderado","core\system\bus_expander.py"
"carga_electron","core\system\bus_expander.py"
"carga_termica_edificio","core\system\bus_expander.py"
"categoria_aridez","core\system\bus_expander.py"
"categoria_calidad_ambiental","core\system\bus_expander.py"
"categoria_cape","core\system\bus_expander.py"
"categoria_confort_ashrae","core\system\bus_expander.py"
"categoria_estres_calor","core\system\bus_expander.py"
"categoria_estres_ganado","core\system\bus_expander.py"
"categoria_historica_temperatura","core\system\bus_expander.py"
"categoria_humedad_suelo","core\system\bus_expander.py"
"categoria_lang","core\system\bus_expander.py"
"categoria_martonne","core\system\bus_expander.py"
"categoria_ozono","core\system\bus_expander.py"
"caudal_ventilacion","core\system\bus_expander.py"
"chi_squared_coherencia","core\system\bus_expander.py"
"ciclo_diurno_completado","core\system\bus_expander.py"
"cielo_observable_nocturno_score","core\system\bus_expander.py"
"cin","core\system\bus_expander.py;core\system\bus_expander.py;core\system\bus_expander.py"
"cin_j_kg","core\system\bus_expander.py"
"clasificacion_estabilidad","core\system\bus_expander.py"
"clo_aislamiento_ropa","core\system\bus_expander.py"
"clo_desnudo","core\system\bus_expander.py"
"clo_invierno","core\system\bus_expander.py"
"clo_traje","core\system\bus_expander.py"
"clo_verano","core\system\bus_expander.py"
"cn2_estructura_refractiva","core\system\bus_expander.py;core\system\bus_expander.py"
"co2_aceptable","core\system\bus_expander.py"
"co2_bueno","core\system\bus_expander.py"
"co2_categoria","core\system\bus_expander.py"
"co2_excelente","core\system\bus_expander.py"
"co2_malo","core\system\bus_expander.py"
"co2_muy_malo","core\system\bus_expander.py"
"co2_nivel","core\system\bus_expander.py"
"co2_pobre","core\system\bus_expander.py"
"coeficiente_absorcion_beta_abs","core\system\bus_expander.py"
"coeficiente_angstrom_alpha","core\system\bus_expander.py"
"coeficiente_angstrom_beta","core\system\bus_expander.py"
"coeficiente_arrastre_CD","core\system\bus_expander.py"
"coeficiente_convectivo_hc","core\system\bus_expander.py"
"coeficiente_dispersion_beta_sca","core\system\bus_expander.py"
"coeficiente_extincion_beta_ext","core\system\bus_expander.py"
"coeficiente_psicrometrico","core\system\bus_expander.py"
"coeficiente_sustentacion_CL","core\system\bus_expander.py"
"coeficiente_transferencia_masa","core\system\bus_expander.py"
"coherencia_datos_humedad","core\system\bus_expander.py"
"coherencia_datos_presion","core\system\bus_expander.py"
"coherencia_datos_temperatura_humedad","core\system\bus_expander.py"
"coherencia_general_sensores","core\system\bus_expander.py"
"coherencia_sensores","core\system\bus_expander.py"
"condensacion_alto","core\system\bus_expander.py"
"condensacion_bajo","core\system\bus_expander.py"
"condensacion_moderado","core\system\bus_expander.py"
"condensacion_muy_alto","core\system\bus_expander.py"
"condensacion_seguro","core\system\bus_expander.py"
"condiciones_observacion","core\system\bus_expander.py"
"conductividad_aire_seco","core\system\bus_expander.py"
"conductividad_termica","core\system\bus_expander.py"
"confianza_latitud_radiacion","core\system\bus_expander.py"
"confianza_prediccion_general","core\system\bus_expander.py"
"confianza_prediccion_lluvia","core\system\bus_expander.py"
"confort_ave_interpretacion","core\system\bus_expander.py"
"confort_ave_porter_gates_0_100","core\system\bus_expander.py"
"confort_ave_score","core\system\bus_expander.py;core\system\bus_expander.py"
"confort_calido","core\system\bus_expander.py"
"confort_calor_extremo","core\system\bus_expander.py"
"confort_caluroso","core\system\bus_expander.py"
"confort_fresco","core\system\bus_expander.py"
"confort_frio","core\system\bus_expander.py"
"confort_frio_extremo","core\system\bus_expander.py"
"confort_general_aceptable","core\system\bus_expander.py"
"confort_general_bueno","core\system\bus_expander.py"
"confort_general_deficiente","core\system\bus_expander.py"
"confort_general_optimo","core\system\bus_expander.py"
"confort_interior_score","core\system\bus_expander.py"
"confort_optimo","core\system\bus_expander.py"
"confort_porcentaje_ashrae","core\system\bus_expander.py"
"constante_boltzmann","core\system\bus_expander.py;core\system\bus_expander.py"
"constante_gas_vapor","core\system\bus_expander.py"
"constante_gases_universal","core\system\bus_expander.py"
"constante_planck","core\system\bus_expander.py;core\system\bus_expander.py"
"constante_psicrometrica_gamma","core\system\bus_expander.py"
"constante_solar","core\system\bus_expander.py"
"constante_solar_fao56","core\system\bus_expander.py"
"constante_solar_fao56_wm2","core\system\bus_expander.py"
"constante_solar_gsc","core\system\bus_expander.py"
"constante_solar_w_m2","core\system\bus_expander.py"
"constante_stefan_boltzmann","core\system\bus_expander.py"
"constante_stefan_boltzmann_si","core\system\bus_expander.py"
"constante_sutherland","core\system\bus_expander.py"
"constante_universal_gases","core\system\bus_expander.py;core\system\bus_expander.py"
"constante_von_karman","core\system\bus_expander.py"
"constantes_totales_publicadas","core\system\bus_expander.py"
"conveccion_globo_W","core\system\bus_expander.py"
"correccion_radiativa","core\system\bus_expander.py"
"declinacion_solar_deg","core\system\bus_expander.py"
"declinacion_solar_grados","core\system\bus_expander.py"
"declinacion_solar_rad","core\system\bus_expander.py;core\system\bus_expander.py"
"deficit_hidrico","core\system\bus_expander.py"
"deficit_saturacion","core\system\bus_expander.py"
"delta_albedo_humedad","core\system\bus_expander.py"
"delta_conductividad_humedad","core\system\bus_expander.py"
"delta_temperatura_1h","core\system\bus_expander.py"
"delta_termico_hora","core\system\bus_expander.py"
"demanda_climatizacion_estimada","core\system\bus_expander.py"
"denominador_penman_monteith","core\system\bus_expander.py"
"densidad_agua_liquida","core\system\bus_expander.py"
"densidad_aire_cipm","core\system\bus_expander.py;core\system\bus_expander_V20_CERTIFICADO.py"
"densidad_hielo","core\system\bus_expander.py"
"densidad_optica_nube","core\system\bus_expander.py"
"depresion_cielo_cubierto","core\system\bus_expander.py"
"depresion_cielo_despejado","core\system\bus_expander.py"
"depresion_muy_nublado","core\system\bus_expander.py"
"depresion_parcialmente_nublado","core\system\bus_expander.py"
"depresion_poco_nublado","core\system\bus_expander.py"
"depresion_punto_rocio","core\system\bus_expander.py;core\system\bus_expander.py"
"desviacion_confort_ashrae","core\system\bus_expander.py"
"desviacion_estandar_temperatura","core\system\bus_expander.py"
"desviacion_patron_presion","core\system\bus_expander.py"
"desviacion_patron_temperatura","core\system\bus_expander.py"
"dew_point_max_iter","core\system\bus_expander.py"
"dew_point_tolerance","core\system\bus_expander.py"
"dia_del_ano","core\system\bus_expander.py"
"dia_juliano","core\system\bus_expander.py"
"dia_mes","core\system\bus_expander.py"
"dia_semana","core\system\bus_expander.py"
"dias_desde_ultima_calibracion","core\system\bus_expander.py"
"dias_en_estacion","core\system\bus_expander.py"
"dias_grado_crecimiento","core\system\bus_expander.py"
"diferencia_estratificacion","core\system\bus_expander.py"
"diferencia_hora_solar","core\system\bus_expander.py"
"diferencial_temperatura","core\system\bus_expander.py"
"diferencial_termico_int_ext","core\system\bus_expander.py"
"difusividad_vapor","core\system\bus_expander.py"
"direccion_flujo_ventilacion","core\system\bus_expander.py"
"direccion_tendencia_humedad","core\system\bus_expander.py"
"direccion_tendencia_presion","core\system\bus_expander.py"
"direccion_tendencia_temperatura","core\system\bus_expander.py"
"direccion_viento_raw","core\system\bus_expander.py"
"disponibilidad_agua_plantas_pct","core\system\bus_expander.py"
"distancia_tierra_sol","core\system\bus_expander.py"
"drenaje_profundo_mm_dia","core\system\bus_expander.py"
"drift_sensor_temperatura","core\system\bus_expander.py"
"duracion_dia_h","core\system\bus_expander.py"
"ecuacion_tiempo","core\system\bus_expander.py"
"el","core\system\bus_expander.py;core\system\bus_expander.py;core\system\bus_expander.py"
"elevacion_solar","core\system\bus_expander.py;core\system\bus_expander.py;core\system\bus_expander.py"
"elite_motors_version","core\system\bus_expander.py"
"elite_muro_valor_maximo","core\system\bus_expander.py"
"elite_muro_valor_minimo","core\system\bus_expander.py"
"elite_truncamiento_decimal","core\system\bus_expander.py"
"emisividad_agua","core\system\bus_expander.py"
"emisividad_atmosfera_clara","core\system\bus_expander.py"
"emisividad_nieve","core\system\bus_expander.py"
"emisividad_suelo_seco","core\system\bus_expander.py"
"emisividad_vegetacion","core\system\bus_expander.py"
"energia_solar_acumulada_dia","core\system\bus_expander.py"
"entalpia_aire_humedo","core\system\bus_expander.py"
"entalpia_aire_humedo_total","core\system\bus_expander.py"
"entalpia_aire_seco_componente","core\system\bus_expander.py"
"entalpia_vapor_componente","core\system\bus_expander.py"
"environmental_indices_lines","core\system\bus_expander.py"
"epsilon_vapor","core\system\bus_expander.py"
"equilibrium_level_m","core\system\bus_expander.py"
"error_absoluto_temperatura","core\system\bus_expander.py"
"escala_kolmogorov_eta","core\system\bus_expander.py"
"escenario_medio_temp","core\system\bus_expander.py"
"escenario_optimista_temp","core\system\bus_expander.py"
"escenario_pesimista_temp","core\system\bus_expander.py"
"esfuerzo_turbulencia_adicional_W","core\system\bus_expander.py"
"estabilidad_atmosferica","core\system\bus_expander.py"
"estabilidad_score","core\system\bus_expander.py"
"estacion_del_ano","core\system\bus_expander.py"
"estado_turbina_eolica","core\system\bus_expander.py"
"estimacion_geografica_disponible","core\system\bus_expander.py;core\system\bus_expander.py;core\system\bus_expander.py;core\system\bus_expander.py"
"et0_alto","core\system\bus_expander.py"
"et0_bajo","core\system\bus_expander.py"
"et0_canopy_shuttleworth","core\system\bus_expander.py"
"et0_moderado","core\system\bus_expander.py"
"et0_muy_alto","core\system\bus_expander.py"
"et0_muy_bajo","core\system\bus_expander.py"
"et0_soil_shuttleworth","core\system\bus_expander.py"
"et0_total_shuttleworth","core\system\bus_expander.py"
"et_sw_canopy","core\system\bus_expander.py"
"et_sw_delta_vapor","core\system\bus_expander.py"
"et_sw_factor_stomatal","core\system\bus_expander.py"
"et_sw_lai","core\system\bus_expander.py"
"et_sw_resistencia_canopy","core\system\bus_expander.py"
"et_sw_resistencia_suelo","core\system\bus_expander.py"
"et_sw_soil","core\system\bus_expander.py"
"et_sw_status","core\system\bus_expander.py"
"et_sw_total","core\system\bus_expander.py"
"et_sw_vpd","core\system\bus_expander.py"
"evaporacion_bulbo_humedo_W","core\system\bus_expander.py"
"evapotranspiracion_potencial_et0","core\system\bus_expander.py;core\system\bus_expander.py"
"evapotranspiracion_real_etr","core\system\bus_expander.py"
"excentricidad_orbita","core\system\bus_expander.py"
"excentricidad_orbita_tierra","core\system\bus_expander.py"
"exponente_angstrom_alpha","core\system\bus_expander.py"
"exponente_laplace","core\system\bus_expander.py"
"factor_ajuste_perfil_viento","core\system\bus_expander.py"
"factor_capacidad_eolica","core\system\bus_expander.py"
"factor_capacidad_fotovoltaica","core\system\bus_expander.py"
"factor_cielo_claro","core\system\bus_expander.py"
"factor_compresibilidad_virial","core\system\bus_expander.py;core\system\bus_expander_V20_CERTIFICADO.py"
"factor_conversion_longitud","core\system\bus_expander.py"
"factor_correccion_vapor","core\system\bus_expander.py"
"factor_correccion_vapor_humedo","core\system\bus_expander.py"
"factor_crecimiento_higroscopico_aerosol","core\system\bus_expander.py"
"factor_crecimiento_higroscopico_f_RH","core\system\bus_expander.py"
"factor_distancia_tierra_sol","core\system\bus_expander.py;core\system\bus_expander.py"
"factor_espectral_potencias","core\system\bus_expander.py"
"factor_excentricidad_orbital","core\system\bus_expander.py"
"factor_f_a_c","core\system\bus_expander.py"
"factor_forma_edificio","core\system\bus_expander.py"
"factor_gravedad_altitud","core\system\bus_expander.py"
"factor_gravedad_latitud","core\system\bus_expander.py"
"factor_hpa_a_pa","core\system\bus_expander.py"
"factor_humedad_calor_especifico","core\system\bus_expander.py"
"factor_humedad_conductividad","core\system\bus_expander.py"
"factor_inhg_a_hpa","core\system\bus_expander.py"
"factor_kg_a_g","core\system\bus_expander.py"
"factor_kmh_a_ms","core\system\bus_expander.py"
"factor_m_a_km","core\system\bus_expander.py"
"factor_mjm2dia_a_wm2","core\system\bus_expander.py"
"factor_mm_a_m","core\system\bus_expander.py"
"factor_mph_a_kmh","core\system\bus_expander.py"
"factor_ms_a_kmh","core\system\bus_expander.py"
"factor_pa_a_atm","core\system\bus_expander.py"
"factor_pa_a_kpa","core\system\bus_expander.py"
"factor_secado_viento_radiacion","core\system\bus_expander.py"
"factor_sequedad_suelo","core\system\bus_expander.py"
"factor_solar","core\system\bus_expander.py"
"factor_stomatal_reduccion","core\system\bus_expander.py"
"factor_stress_hidrico","core\system\bus_expander.py"
"factor_wm2_a_mjm2dia","core\system\bus_expander.py"
"fanger_clo_estacional","core\system\bus_expander.py"
"fanger_fcl","core\system\bus_expander.py"
"fanger_hc","core\system\bus_expander.py"
"fanger_icl","core\system\bus_expander.py"
"fanger_met_actividad","core\system\bus_expander.py"
"fanger_pmv","core\system\bus_expander.py"
"fanger_ppd","core\system\bus_expander.py"
"fase_ciclo_termico","core\system\bus_expander.py"
"fase_lunar","core\system\bus_expander.py"
"favorable_termicas_bool","core\system\bus_expander.py"
"favorable_vuelo_planeo_bool","core\system\bus_expander.py"
"flujo_calor_sensible_H","core\system\bus_expander.py"
"fraccion_argon","core\system\bus_expander.py"
"fraccion_co2","core\system\bus_expander.py"
"fraccion_condensacion_agua","core\system\bus_expander.py"
"fraccion_dia","core\system\bus_expander.py"
"fraccion_molar_vapor","core\system\bus_expander.py"
"fraccion_nitrogeno","core\system\bus_expander.py"
"fraccion_oxigeno","core\system\bus_expander.py"
"fraccion_radiacion_difusa","core\system\bus_expander.py"
"fraccion_saturacion","core\system\bus_expander.py"
"fried_r0_bueno","core\system\bus_expander.py"
"fried_r0_excelente","core\system\bus_expander.py"
"fried_r0_m","core\system\bus_expander.py"
"fried_r0_moderado","core\system\bus_expander.py"
"fried_r0_muy_pobre","core\system\bus_expander.py"
"fried_r0_pobre","core\system\bus_expander.py"
"fuerza_inversion_termica","core\system\bus_expander.py"
"fuerza_motriz_evaporacion","core\system\bus_expander.py"
"gab_hormigon","core\system\bus_expander.py"
"gab_hormigon_a","core\system\bus_expander.py"
"gab_hormigon_b","core\system\bus_expander.py"
"gab_hormigon_c","core\system\bus_expander.py"
"gab_ladrillo","core\system\bus_expander.py"
"gab_ladrillo_a","core\system\bus_expander.py"
"gab_ladrillo_b","core\system\bus_expander.py"
"gab_ladrillo_c","core\system\bus_expander.py"
"gab_madera","core\system\bus_expander.py"
"gab_madera_a","core\system\bus_expander.py"
"gab_madera_b","core\system\bus_expander.py"
"gab_madera_c","core\system\bus_expander.py"
"gab_yeso","core\system\bus_expander.py"
"gab_yeso_a","core\system\bus_expander.py"
"gab_yeso_b","core\system\bus_expander.py"
"gab_yeso_c","core\system\bus_expander.py"
"ganancia_solar_W","core\system\bus_expander.py"
"ganancia_termica_radiacion","core\system\bus_expander.py"
"gap_temperatura_rocio","core\system\bus_expander.py"
"gdd_base_cereal","core\system\bus_expander.py"
"gdd_base_citricos","core\system\bus_expander.py"
"gdd_base_maiz","core\system\bus_expander.py"
"gdd_base_vid","core\system\bus_expander.py"
"gradiente_adiabatico_seco","core\system\bus_expander.py"
"gradiente_adiabatico_seco_teorico","core\system\bus_expander.py"
"gradiente_real_aplicado","core\system\bus_expander.py"
"gradiente_termico_adiabatico_humedo","core\system\bus_expander.py"
"gradiente_termico_adiabatico_seco","core\system\bus_expander.py"
"gradiente_termico_isa","core\system\bus_expander.py"
"gradiente_termico_troposferico","core\system\bus_expander.py"
"grados_dia_calefaccion_hdd_acumulado","core\system\bus_expander.py"
"grados_dia_calefaccion_hdd_dia","core\system\bus_expander.py"
"grados_dia_refrigeracion_cdd_acumulado","core\system\bus_expander.py"
"grados_dia_refrigeracion_cdd_dia","core\system\bus_expander.py"
"gravedad_dinamica","core\system\bus_expander.py;core\system\bus_expander_V20_CERTIFICADO.py"
"gravedad_ecuatorial","core\system\bus_expander.py"
"gravedad_estandar","core\system\bus_expander.py;core\system\bus_expander.py;core\system\bus_expander.py"
"hash_integridad_frame","core\system\bus_expander.py"
"heat_index_componente_hr","core\system\bus_expander.py"
"heat_index_componente_interaccion","core\system\bus_expander.py"
"heat_index_componente_temp","core\system\bus_expander.py"
"heat_index_simple","core\system\bus_expander.py;core\system\bus_expander.py"
"helada_punto_rocio_riesgo_alto","core\system\bus_expander.py"
"helada_punto_rocio_riesgo_bajo","core\system\bus_expander.py"
"helada_punto_rocio_riesgo_moderado","core\system\bus_expander.py"
"helada_punto_rocio_riesgo_muy_alto","core\system\bus_expander.py"
"helada_punto_rocio_seguro","core\system\bus_expander.py"
"hemisferio_este_oeste","core\system\bus_expander.py"
"hemisferio_norte_sur","core\system\bus_expander.py"
"hora_local","core\system\bus_expander.py"
"hora_pico_solar","core\system\bus_expander.py"
"hora_temperatura_maxima","core\system\bus_expander.py"
"hora_temperatura_minima","core\system\bus_expander.py"
"hora_utc","core\system\bus_expander.py"
"horas_hasta_saturacion","core\system\bus_expander.py;core\system\bus_expander.py;core\system\bus_expander.py"
"humedad_absoluta","core\system\bus_expander.py"
"humedad_absoluta_derivada","core\system\bus_expander.py"
"humedad_absoluta_max","core\system\bus_expander.py"
"humedad_aire_humedo","core\system\bus_expander.py"
"humedad_aire_muy_seco","core\system\bus_expander.py"
"humedad_aire_seco","core\system\bus_expander.py"
"humedad_confort_max","core\system\bus_expander.py"
"humedad_confort_min","core\system\bus_expander.py"
"humedad_critica_moho_pct","core\system\bus_expander.py"
"humedad_diamond","core\system\bus_expander.py"
"humedad_especifica","core\system\bus_expander.py"
"humedad_especifica_aprox","core\system\bus_expander.py"
"humedad_especifica_critica","core\system\bus_expander.py"
"humedad_especifica_q","core\system\bus_expander.py"
"humedad_raw","core\system\bus_expander.py"
"humedad_relativa_max","core\system\bus_expander.py"
"humedad_relativa_min","core\system\bus_expander.py"
"humedad_suelo_absoluta","core\system\bus_expander.py"
"humedad_suelo_mm","core\system\bus_expander.py"
"humedad_suelo_relativa","core\system\bus_expander.py"
"hurst_H","core\system\bus_expander.py"
"hurst_estabilidad_pct","core\system\bus_expander.py"
"hurst_interpretacion","core\system\bus_expander.py"
"hurst_ventana_analisis_dias","core\system\bus_expander.py"
"hyland_wexler_c1","core\system\bus_expander.py"
"hyland_wexler_c2","core\system\bus_expander.py"
"hyland_wexler_c3","core\system\bus_expander.py"
"hyland_wexler_c4","core\system\bus_expander.py"
"hyland_wexler_c5","core\system\bus_expander.py"
"hyland_wexler_c6","core\system\bus_expander.py"
"iapws_n1","core\system\bus_expander.py"
"iapws_n2","core\system\bus_expander.py"
"iapws_n3","core\system\bus_expander.py"
"iapws_n4","core\system\bus_expander.py"
"iapws_presion_critica","core\system\bus_expander.py"
"iapws_temp_critica","core\system\bus_expander.py"
"icono_fase_lunar","core\system\bus_expander.py"
"iluminacion_lunar","core\system\bus_expander.py"
"incertidumbre_prediccion","core\system\bus_expander.py"
"indice_aridez_unesco","core\system\bus_expander.py"
"indice_cetreria_compuesto","core\system\bus_expander.py"
"indice_claridad_kt","core\system\bus_expander.py;core\system\bus_expander.py"
"indice_continentalidad","core\system\bus_expander.py"
"indice_humedad_0_1","core\system\bus_expander.py"
"indice_lang","core\system\bus_expander.py"
"indice_maduracion_cultivos","core\system\bus_expander.py"
"indice_martonne","core\system\bus_expander.py"
"indice_moho_vtt_M","core\system\bus_expander.py"
"indice_scorer","core\system\bus_expander.py"
"indice_sequedad_0_1","core\system\bus_expander.py"
"indice_sequia_aire","core\system\bus_expander.py"
"indice_visibilidad","core\system\bus_expander.py"
"inercia_termica","core\system\bus_expander.py"
"inicio_primavera_detectado","core\system\bus_expander.py"
"inicio_primavera_fenologico_dia","core\system\bus_expander.py"
"intensidad_termicas_0_100","core\system\bus_expander.py"
"interpretacion_confort","core\system\bus_expander.py"
"interpretacion_inversion","core\system\bus_expander.py"
"interpretacion_pmv","core\system\bus_expander.py"
"intervalo_calibracion_recomendado","core\system\bus_expander.py"
"intervalo_confianza_95_temperatura","core\system\bus_expander.py"
"inversion_termica_detectada","core\system\bus_expander.py"
"inversion_termica_pct","core\system\bus_expander.py"
"isa_altitud","core\system\bus_expander.py"
"isa_densidad","core\system\bus_expander.py"
"isa_densidad_aire_default","core\system\bus_expander.py"
"isa_humedad","core\system\bus_expander.py"
"isa_humedad_relativa_default","core\system\bus_expander.py"
"isa_latitud","core\system\bus_expander.py"
"isa_presion","core\system\bus_expander.py"
"isa_presion_nivel_mar","core\system\bus_expander.py"
"isa_temperatura","core\system\bus_expander.py"
"isa_temperatura_nivel_mar","core\system\bus_expander.py"
"isa_temperatura_rocio_default","core\system\bus_expander.py"
"k_index_sin_tormentas","core\system\bus_expander.py"
"k_index_tormenta","core\system\bus_expander.py"
"k_index_tormenta_muy_probable","core\system\bus_expander.py"
"k_index_tormenta_posible","core\system\bus_expander.py"
"kalman_confianza_95_sigma","core\system\bus_expander.py"
"kalman_ganancia_K","core\system\bus_expander.py"
"kalman_tendencia_h","core\system\bus_expander.py"
"kalman_valor_predicho","core\system\bus_expander.py"
"latitud","core\system\bus_expander.py"
"latitud_estimada_radiacion","core\system\bus_expander.py"
"latitud_radianes","core\system\bus_expander.py"
"lcl_lawrence","core\system\bus_expander.py"
"level_free_convection_m","core\system\bus_expander.py"
"lfc","core\system\bus_expander.py;core\system\bus_expander.py;core\system\bus_expander.py"
"lifted_index","core\system\bus_expander.py;core\system\bus_expander.py;core\system\bus_expander.py;core\system\bus_expander.py"
"lifted_index_categoria","core\system\bus_expander.py;core\system\bus_expander.py"
"lifted_index_estable","core\system\bus_expander.py"
"lifted_index_inestable","core\system\bus_expander.py"
"lifted_index_muy_inestable","core\system\bus_expander.py"
"limite_cape","core\system\bus_expander.py"
"limite_energia","core\system\bus_expander.py"
"limite_estabilidad","core\system\bus_expander.py"
"limite_generico","core\system\bus_expander.py"
"limite_humedad_max","core\system\bus_expander.py"
"limite_humedad_min","core\system\bus_expander.py"
"limite_viento","core\system\bus_expander.py"
"limite_visibilidad","core\system\bus_expander.py"
"limite_zeta_max","core\system\bus_expander.py"
"limite_zeta_min","core\system\bus_expander.py"
"lluvia_fuerte","core\system\bus_expander.py;core\system\bus_expander.py"
"lluvia_ligera","core\system\bus_expander.py"
"lluvia_llovizna","core\system\bus_expander.py"
"lluvia_moderada","core\system\bus_expander.py;core\system\bus_expander.py"
"lluvia_muy_fuerte","core\system\bus_expander.py"
"lluvia_muy_ligera","core\system\bus_expander.py"
"lluvia_record_1_min","core\system\bus_expander.py"
"lluvia_torrencial","core\system\bus_expander.py;core\system\bus_expander.py"
"longitud","core\system\bus_expander.py"
"longitud_estimada_bruta","core\system\bus_expander.py"
"longitud_estimada_corregida","core\system\bus_expander.py"
"longitud_monin_obukhov_L","core\system\bus_expander.py;core\system\bus_expander.py"
"longitud_radianes","core\system\bus_expander.py"
"longitud_rugosidad_bosque","core\system\bus_expander.py"
"longitud_rugosidad_cesped","core\system\bus_expander.py"
"longitud_rugosidad_urbano","core\system\bus_expander.py"
"luz_oscuridad","core\system\bus_expander.py"
"luz_oscuridad_total","core\system\bus_expander.py"
"luz_penumbra","core\system\bus_expander.py"
"luz_tenue","core\system\bus_expander.py"
"lwc_contenido_agua_liquida_gm3","core\system\bus_expander.py"
"mae_temperatura","core\system\bus_expander.py"
"manifiesto_fecha_sellado","core\system\bus_expander.py"
"manifiesto_integridad_verificada","core\system\bus_expander.py"
"manifiesto_num_predicciones","core\system\bus_expander.py"
"manifiesto_predicciones_count","core\system\bus_expander.py"
"manifiesto_predicciones_sha256","core\system\bus_expander.py"
"manifiesto_predicciones_version","core\system\bus_expander.py"
"manifiesto_sha256","core\system\bus_expander.py"
"manifiesto_verificado","core\system\bus_expander.py"
"manifiesto_version","core\system\bus_expander.py"
"masa_aire_caracteristica","core\system\bus_expander.py"
"masa_aire_origen","core\system\bus_expander.py"
"masa_aire_tendencia","core\system\bus_expander.py"
"masa_aire_theta_e","core\system\bus_expander.py"
"masa_aire_tipo","core\system\bus_expander.py"
"masa_molar_agua","core\system\bus_expander.py"
"masa_molar_aire_seco","core\system\bus_expander.py;core\system\bus_expander.py;core\system\bus_expander.py"
"masa_molar_aire_seco_laplace","core\system\bus_expander.py"
"masa_molar_vapor","core\system\bus_expander.py"
"masa_molar_vapor_agua","core\system\bus_expander.py"
"masa_molar_vapor_laplace","core\system\bus_expander.py"
"masa_optica_kasten_young","core\system\bus_expander.py"
"maxima_temperatura_esperada_proximo_dia","core\system\bus_expander.py"
"maximo_historico_temperatura","core\system\bus_expander.py"
"media_historica_temperatura","core\system\bus_expander.py"
"media_movil_30dias_temperatura","core\system\bus_expander.py"
"media_movil_7dias_temperatura","core\system\bus_expander.py"
"mes","core\system\bus_expander.py"
"met_caminando_lento","core\system\bus_expander.py"
"met_caminando_rapido","core\system\bus_expander.py"
"met_de_pie","core\system\bus_expander.py"
"met_durmiendo","core\system\bus_expander.py"
"met_oficina","core\system\bus_expander.py"
"met_sentado","core\system\bus_expander.py"
"met_tasa_metabolica","core\system\bus_expander.py"
"meteoser_version","core\system\bus_expander.py"
"minima_temperatura_esperada_noche","core\system\bus_expander.py"
"minimo_historico_temperatura","core\system\bus_expander.py"
"minuto_local","core\system\bus_expander.py"
"minuto_utc","core\system\bus_expander.py"
"modo_operacion_sistema","core\system\bus_expander.py"
"moho_hr_critica_hormigon","core\system\bus_expander.py"
"moho_hr_critica_madera","core\system\bus_expander.py"
"moho_hr_critica_yeso","core\system\bus_expander.py"
"moho_temp_optima_crecimiento","core\system\bus_expander.py"
"moho_tiempo_critico","core\system\bus_expander.py"
"moho_vtt_alto_riesgo","core\system\bus_expander.py"
"moho_vtt_crecimiento_activo","core\system\bus_expander.py"
"moho_vtt_inicio_crecimiento","core\system\bus_expander.py"
"moho_vtt_sin_riesgo","core\system\bus_expander.py"
"monin_obukhov_L","core\system\bus_expander.py"
"monin_obukhov_cp","core\system\bus_expander.py"
"monin_obukhov_estabilidad","core\system\bus_expander.py"
"monin_obukhov_g","core\system\bus_expander.py"
"monin_obukhov_iteraciones","core\system\bus_expander.py"
"monin_obukhov_kappa","core\system\bus_expander.py"
"monin_obukhov_u_star","core\system\bus_expander.py"
"monin_obukhov_z0","core\system\bus_expander.py"
"monin_obukhov_zeta","core\system\bus_expander.py"
"mse_temperatura","core\system\bus_expander.py"
"necesita_calibracion_temperatura","core\system\bus_expander.py"
"necesita_riego","core\system\bus_expander.py"
"nieve_fuerte","core\system\bus_expander.py"
"nieve_ligera","core\system\bus_expander.py"
"nieve_moderada","core\system\bus_expander.py"
"nivel_condensacion_libre_m","core\system\bus_expander.py"
"nombre_dia_semana","core\system\bus_expander.py"
"nombre_fase_lunar","core\system\bus_expander.py"
"nombre_ubicacion","core\system\bus_expander.py"
"nubosidad_estimada_depresion","core\system\bus_expander.py"
"numero_avogadro","core\system\bus_expander.py;core\system\bus_expander.py"
"numero_reynolds_ala","core\system\bus_expander.py"
"numero_richardson","core\system\bus_expander.py"
"oblicuidad_ecliptica","core\system\bus_expander.py;core\system\bus_expander.py"
"offset_c_a_k","core\system\bus_expander.py"
"offset_f_a_c","core\system\bus_expander.py"
"opacidad_nube","core\system\bus_expander.py"
"optimo_ventilacion_natural","core\system\bus_expander.py"
"origen_coordenadas","core\system\bus_expander.py"
"outlier_general_detectado","core\system\bus_expander.py"
"outlier_humedad_detectado","core\system\bus_expander.py"
"outlier_presion_detectado","core\system\bus_expander.py"
"outlier_temperatura_detectado","core\system\bus_expander.py"
"ozono_columna_dobson_du","core\system\bus_expander.py"
"ozono_latitud_dependencia","core\system\bus_expander.py"
"ozono_variacion_A","core\system\bus_expander.py"
"ozono_variacion_B","core\system\bus_expander.py"
"ozono_variacion_C","core\system\bus_expander.py"
"page_k_secado_lento","core\system\bus_expander.py"
"page_k_secado_rapido","core\system\bus_expander.py"
"page_mr_equilibrio","core\system\bus_expander.py"
"page_mr_inicial","core\system\bus_expander.py"
"page_n_exponente","core\system\bus_expander.py"
"pais","core\system\bus_expander.py"
"parametro_estabilidad_zeta","core\system\bus_expander.py"
"pasquill_clase_a_muy_inestable","core\system\bus_expander.py"
"pasquill_clase_b_inestable","core\system\bus_expander.py"
"pasquill_clase_c_ligeramente_inestable","core\system\bus_expander.py"
"pasquill_clase_d_neutral","core\system\bus_expander.py"
"pasquill_clase_e_estable","core\system\bus_expander.py"
"pasquill_clase_f_muy_estable","core\system\bus_expander.py"
"pasquill_sigma_y_a","core\system\bus_expander.py"
"pasquill_sigma_z_a","core\system\bus_expander.py"
"pendiente_clausius_clapeyron","core\system\bus_expander.py"
"pendiente_curva_presion_vapor","core\system\bus_expander.py"
"pendiente_presion_vapor_delta","core\system\bus_expander.py"
"percentil_10_temperatura","core\system\bus_expander.py"
"percentil_25_temperatura","core\system\bus_expander.py"
"percentil_50_temperatura_mediana","core\system\bus_expander.py"
"percentil_75_temperatura","core\system\bus_expander.py"
"percentil_90_temperatura","core\system\bus_expander.py"
"percentil_95_temperatura","core\system\bus_expander.py"
"percentil_99_temperatura","core\system\bus_expander.py"
"percentil_actual_temperatura","core\system\bus_expander.py"
"perdida_calor_conveccion","core\system\bus_expander.py"
"perdida_calor_difusion_piel","core\system\bus_expander.py"
"perdida_calor_radiacion","core\system\bus_expander.py"
"perdida_calor_respiracion_latente","core\system\bus_expander.py"
"perdida_calor_respiracion_sensible","core\system\bus_expander.py"
"perdida_calor_sudoracion","core\system\bus_expander.py"
"perdida_conveccion_W","core\system\bus_expander.py"
"perdida_evaporacion_W","core\system\bus_expander.py"
"perdida_radiacion_W","core\system\bus_expander.py"
"perdida_temperatura_panel","core\system\bus_expander.py"
"performance_ratio_fotovoltaica","core\system\bus_expander.py"
"periodo_oscilacion_buoyancia","core\system\bus_expander.py"
"persistencia_termica_dias","core\system\bus_expander.py"
"physics_engine_version","core\system\bus_expander.py"
"pm10_buena","core\system\bus_expander.py"
"pm10_excelente","core\system\bus_expander.py"
"pm10_moderada","core\system\bus_expander.py"
"pm10_muy_pobre","core\system\bus_expander.py"
"pm10_nivel","core\system\bus_expander.py"
"pm10_pobre","core\system\bus_expander.py"
"pm25_buena","core\system\bus_expander.py"
"pm25_excelente","core\system\bus_expander.py"
"pm25_extremadamente_pobre","core\system\bus_expander.py"
"pm25_moderada","core\system\bus_expander.py"
"pm25_muy_pobre","core\system\bus_expander.py"
"pm25_nivel","core\system\bus_expander.py"
"pm25_pobre","core\system\bus_expander.py"
"pmv_calido","core\system\bus_expander.py"
"pmv_caluroso","core\system\bus_expander.py"
"pmv_categoria","core\system\bus_expander.py"
"pmv_fanger","core\system\bus_expander.py;core\system\bus_expander.py;core\system\bus_expander.py"
"pmv_fresco","core\system\bus_expander.py"
"pmv_frio","core\system\bus_expander.py"
"pmv_muy_caluroso","core\system\bus_expander.py"
"pmv_muy_frio","core\system\bus_expander.py"
"pmv_neutral","core\system\bus_expander.py"
"potencia_eolica_estimada","core\system\bus_expander.py"
"potencia_inducida_W","core\system\bus_expander.py"
"potencia_parasita_W","core\system\bus_expander.py"
"potencia_requerida_vuelo_W","core\system\bus_expander.py"
"potencia_solar_instantanea","core\system\bus_expander.py"
"potencial_enfriamiento_natural","core\system\bus_expander.py"
"potencial_mezcla","core\system\bus_expander.py"
"ppd_fanger","core\system\bus_expander.py;core\system\bus_expander.py"
"ppd_fanger_pct","core\system\bus_expander.py"
"precision_actual_temperatura","core\system\bus_expander.py"
"precision_nominal_temperatura","core\system\bus_expander.py"
"presion_aire_seco","core\system\bus_expander.py"
"presion_everest","core\system\bus_expander.py"
"presion_nivel_mar","core\system\bus_expander.py"
"presion_parcial_vapor_critica","core\system\bus_expander.py"
"presion_raw","core\system\bus_expander.py"
"presion_record_alto","core\system\bus_expander.py"
"presion_record_bajo","core\system\bus_expander.py"
"presion_referencia_psicrometria","core\system\bus_expander.py"
"presion_saturacion_vapor_magnus","core\system\bus_expander.py"
"presion_vapor_actual","core\system\bus_expander.py;core\system\bus_expander_V20_CERTIFICADO.py"
"presion_vapor_saturacion","core\system\bus_expander_V20_CERTIFICADO.py"
"probabilidad_calor_extremo_proximo_dia","core\system\bus_expander.py"
"probabilidad_helada_proxima_noche","core\system\bus_expander.py"
"probabilidad_lluvia_continua_proxima_6h","core\system\bus_expander.py"
"probabilidad_lluvia_proxima_24h","core\system\bus_expander.py"
"probabilidad_tormenta_severa","core\system\bus_expander.py"
"produccion_metabolica_W","core\system\bus_expander.py"
"punto_rocio","core\indices\environmental_indices.py;core\indices\environmental_indices.py;core\system\bus_expander_V20_CERTIFICADO.py"
"radiacion_cielo_despejado","core\system\bus_expander.py"
"radiacion_cielo_nublado","core\system\bus_expander.py"
"radiacion_cielo_parcial","core\system\bus_expander.py"
"radiacion_constante_solar","core\system\bus_expander.py"
"radiacion_extraterrestre","core\system\bus_expander.py;core\system\bus_expander.py;core\system\bus_expander.py;core\system\bus_expander.py"
"radiacion_extraterrestre_wm2","core\system\bus_expander.py"
"radiacion_infrarroja_neta_globo_W","core\system\bus_expander.py"
"radiacion_neta_onda_corta","core\system\bus_expander.py"
"radiacion_neta_onda_larga","core\system\bus_expander.py"
"radiacion_neta_total","core\system\bus_expander.py"
"radiacion_nocturna","core\system\bus_expander.py"
"radiacion_pico_detectada","core\system\bus_expander.py"
"radiacion_raw","core\system\bus_expander.py"
"radiacion_solar_absorbida_globo_W","core\system\bus_expander.py"
"radio_medio_tierra","core\system\bus_expander.py"
"radio_tierra_ecuatorial","core\system\bus_expander.py"
"radio_tierra_polar","core\system\bus_expander.py"
"rango_historico_temperatura","core\system\bus_expander.py"
"rango_intercuartil_temperatura","core\system\bus_expander.py"
"ratio_masas_moleculares","core\system\bus_expander.py"
"ratio_precipitacion_temperatura","core\system\bus_expander.py"
"ratio_temperatura_sutherland","core\system\bus_expander.py"
"razon_mezcla_saturacion","core\system\bus_expander.py"
"recomendacion_moho","core\system\bus_expander.py"
"recomendacion_ventilacion","core\system\bus_expander.py"
"recurso_eolico","core\system\bus_expander.py"
"rendimiento_panel_solar","core\system\bus_expander.py"
"rendimiento_solar_relativo","core\system\bus_expander.py"
"renovaciones_hora_ach","core\system\bus_expander.py"
"resistencia_aerodinamica","core\system\bus_expander.py"
"resistencia_aerodinamica_ra","core\system\bus_expander.py"
"resistencia_estomatal_cultivo_ref","core\system\bus_expander.py"
"resistencia_estomatal_rs","core\system\bus_expander.py"
"resuspension_viento_factor","core\system\bus_expander.py"
"richardson_Ri","core\system\bus_expander.py"
"richardson_bulk_Ri_B","core\system\bus_expander.py"
"richardson_estabilidad","core\system\bus_expander.py"
"richardson_estable","core\system\bus_expander.py"
"richardson_inestable","core\system\bus_expander.py"
"richardson_muy_inestable","core\system\bus_expander.py"
"richardson_neutral","core\system\bus_expander.py"
"riesgo_calor","core\system\bus_expander.py"
"riesgo_condensacion_ventanas","core\system\bus_expander.py"
"riesgo_frio","core\system\bus_expander.py"
"riesgo_helada","core\system\bus_expander.py"
"riesgo_inversion_termica","core\system\bus_expander.py"
"riesgo_moho","core\system\bus_expander.py"
"riesgo_moho_activo","core\system\bus_expander.py"
"riesgo_moho_pct","core\system\bus_expander.py"
"riesgo_niebla_gultepe_pct","core\system\bus_expander.py"
"riesgo_plagas_agricolas","core\system\bus_expander.py"
"riesgo_tormenta","core\system\bus_expander.py"
"rmse_temperatura","core\system\bus_expander.py"
"romps_condensacion","core\system\bus_expander.py"
"romps_lcl","core\system\bus_expander.py"
"romps_nubosidad","core\system\bus_expander.py"
"romps_rh_critica","core\system\bus_expander.py"
"rugosidad_superficie","core\system\bus_expander.py"
"rugosidad_termica_z0h","core\system\bus_expander.py"
"ruido_moderado","core\system\bus_expander.py"
"ruido_molesto","core\system\bus_expander.py"
"ruido_muy_silencioso","core\system\bus_expander.py"
"ruido_silencio_absoluto","core\system\bus_expander.py"
"ruido_silencioso","core\system\bus_expander.py"
"salud_edificio_aceptable","core\system\bus_expander.py"
"salud_edificio_buena","core\system\bus_expander.py"
"salud_edificio_excelente","core\system\bus_expander.py"
"salud_edificio_mala","core\system\bus_expander.py"
"salud_edificio_muy_buena","core\system\bus_expander.py"
"salud_edificio_pobre","core\system\bus_expander.py"
"saturacion_vapor_elite","core\system\bus_expander.py"
"saturacion_vapor_elite_hpa","core\system\bus_expander.py"
"score_inercia_termica","core\system\bus_expander.py"
"secciones_totales","core\system\bus_expander.py"
"seeing_arcsec","core\system\bus_expander.py;core\system\bus_expander.py"
"seeing_categoria","core\system\bus_expander.py"
"seeing_termico","core\system\bus_expander.py"
"segundo_utc","core\system\bus_expander.py"
"semana_del_ano","core\system\bus_expander.py"
"seno_elevacion_solar","core\system\bus_expander.py;core\system\bus_expander.py"
"sensacion_termica_cetrera","core\system\bus_expander.py;core\system\bus_expander.py;core\system\bus_expander_V20_CERTIFICADO.py"
"sensibilidad_material","core\system\bus_expander.py"
"sequia_componente_hr","core\system\bus_expander.py"
"sequia_componente_temp","core\system\bus_expander.py"
"sequia_componente_vpd","core\system\bus_expander.py"
"severidad_estimada_tormenta","core\system\bus_expander.py"
"spread_700hpa","core\system\bus_expander.py"
"stefan_boltzmann_fao56","core\system\bus_expander.py"
"stefan_boltzmann_si","core\system\bus_expander.py"
"suelo_capacidad_campo","core\system\bus_expander.py"
"suelo_marchitez_permanente","core\system\bus_expander.py"
"suelo_punto_marchitez","core\system\bus_expander.py"
"suelo_saturacion","core\system\bus_expander.py"
"suma_termica_anual","core\system\bus_expander.py"
"supresion_humedad_factor","core\system\bus_expander.py"
"tasa_enfriamiento_estimada","core\system\bus_expander.py;core\system\bus_expander.py"
"temp_500hpa_c","core\system\bus_expander.py"
"temp_700hpa_c","core\system\bus_expander.py"
"temp_850hpa_c","core\system\bus_expander.py"
"temp_absoluta_cero","core\system\bus_expander.py"
"temp_adiabatica_1000m","core\system\bus_expander.py"
"temp_adiabatica_2000m","core\system\bus_expander.py"
"temp_maxima_superficie_tierra","core\system\bus_expander.py"
"temp_minima_superficie_tierra","core\system\bus_expander.py"
"temp_punto_ebullicion_agua","core\system\bus_expander.py"
"temp_punto_triple_agua","core\system\bus_expander.py"
"temp_referencia_psicrometria","core\system\bus_expander.py"
"temperatura_100m_c","core\system\bus_expander.py"
"temperatura_aparente","core\system\bus_expander.py;core\system\bus_expander.py"
"temperatura_bulbo_humedo_natural_Tnwb","core\system\bus_expander.py"
"temperatura_condensacion_K","core\system\bus_expander.py"
"temperatura_confort_neutral_ashrae","core\system\bus_expander.py"
"temperatura_diamond","core\system\bus_expander.py"
"temperatura_globo_negro_Tg","core\system\bus_expander.py"
"temperatura_kelvin","core\system\bus_expander.py"
"temperatura_maxima_dia","core\system\bus_expander.py"
"temperatura_media_ciclo","core\system\bus_expander.py"
"temperatura_minima_dia","core\system\bus_expander.py"
"temperatura_nivel_mar_isa","core\system\bus_expander.py"
"temperatura_operativa","core\system\bus_expander.py"
"temperatura_operativa_ashrae","core\system\bus_expander.py"
"temperatura_parcela_500hpa","core\system\bus_expander.py"
"temperatura_piel_estimada_K","core\system\bus_expander.py"
"temperatura_punto_rocio_exterior","core\system\bus_expander.py"
"temperatura_radiante_media","core\system\bus_expander.py;core\system\bus_expander.py"
"temperatura_raw","core\system\bus_expander.py"
"temperatura_running_mean_exterior","core\system\bus_expander.py"
"temperatura_suelo_extrapolada","core\system\bus_expander.py"
"temperatura_superficie_ropa_tcl","core\system\bus_expander.py"
"temperatura_virtual","core\system\bus_expander.py"
"temperatura_virtual_correccion","core\system\bus_expander.py"
"temperatura_virtual_corregida","core\system\bus_expander.py"
"tendencia_humedad_1h","core\system\bus_expander.py"
"tendencia_humedad_3h","core\system\bus_expander.py"
"tendencia_humedad_suelo","core\system\bus_expander.py"
"tendencia_presion","core\system\bus_expander.py"
"tendencia_presion_1h","core\system\bus_expander.py"
"tendencia_presion_3h","core\system\bus_expander.py"
"tendencia_radiacion","core\system\bus_expander.py"
"tendencia_temperatura_1h","core\system\bus_expander.py"
"tendencia_temperatura_3h","core\system\bus_expander.py"
"tendencia_transmitancia","core\system\bus_expander.py"
"tendencia_viento","core\system\bus_expander.py"
"thi_ganado","core\system\bus_expander.py"
"threshold_z_score_outlier","core\system\bus_expander.py"
"tiempo_critico_moho_dias","core\system\bus_expander.py"
"tiempo_limpieza_aire","core\system\bus_expander.py"
"tiempo_llegada_tormenta_min","core\system\bus_expander.py"
"timestamp_publicacion_bus","core\system\bus_expander.py"
"timestamp_unix","core\system\bus_expander.py"
"timestamp_utc","core\system\bus_expander.py"
"timezone","core\system\bus_expander.py"
"tipo_aerosol","core\system\bus_expander.py"
"tipo_cobertura_suelo","core\system\bus_expander.py"
"tipo_nube_identificado","core\system\bus_expander.py"
"tope_cape_max","core\system\bus_expander.py"
"tope_cape_min","core\system\bus_expander.py"
"tope_energia_max","core\system\bus_expander.py"
"tope_energia_min","core\system\bus_expander.py"
"tope_estabilidad_max","core\system\bus_expander.py"
"tope_estabilidad_min","core\system\bus_expander.py"
"tope_humedad_max","core\system\bus_expander.py"
"tope_humedad_min","core\system\bus_expander.py"
"tope_indice_generico_max","core\system\bus_expander.py"
"tope_indice_generico_min","core\system\bus_expander.py"
"tope_presion_max","core\system\bus_expander.py"
"tope_presion_min","core\system\bus_expander.py"
"tope_radiacion_max","core\system\bus_expander.py"
"tope_radiacion_min","core\system\bus_expander.py"
"tope_temperatura_max","core\system\bus_expander.py"
"tope_temperatura_min","core\system\bus_expander.py"
"tope_viento_max","core\system\bus_expander.py"
"tope_viento_min","core\system\bus_expander.py"
"tope_zeta_max","core\system\bus_expander.py"
"tope_zeta_min","core\system\bus_expander.py"
"transmitancia_aerosoles_uv","core\system\bus_expander.py"
"transmitancia_atmosferica","core\system\bus_expander.py;core\system\bus_expander.py;core\system\bus_expander.py"
"transmitancia_termica_media_edificio","core\system\bus_expander.py"
"turbidez_linke_aire_contaminado","core\system\bus_expander.py"
"turbidez_linke_aire_industrial","core\system\bus_expander.py"
"turbidez_linke_aire_limpio","core\system\bus_expander.py"
"turbidez_linke_aire_puro","core\system\bus_expander.py"
"turbulencia_kolmogorov_L0","core\system\bus_expander.py;core\system\bus_expander.py"
"urgencia_riego","core\system\bus_expander.py"
"urgencia_ventilacion","core\system\bus_expander.py"
"utci","core\indices\environmental_indices.py;core\system\bus_expander.py;core\system\bus_expander.py"
"utci_delta_radiante_max","core\system\bus_expander.py"
"utci_delta_radiante_min","core\system\bus_expander.py"
"utci_estres_calor_extremo","core\system\bus_expander.py"
"utci_estres_calor_fuerte","core\system\bus_expander.py"
"utci_estres_calor_moderado","core\system\bus_expander.py"
"utci_estres_calor_muy_fuerte","core\system\bus_expander.py"
"utci_estres_frio_extremo","core\system\bus_expander.py"
"utci_estres_frio_fuerte","core\system\bus_expander.py"
"utci_estres_frio_moderado","core\system\bus_expander.py"
"utci_estres_frio_muy_fuerte","core\system\bus_expander.py"
"utci_polynomial","core\system\bus_expander.py"
"utci_sin_estres_termico","core\system\bus_expander.py"
"utci_temp_max","core\system\bus_expander.py"
"utci_temp_min","core\system\bus_expander.py"
"utci_viento_max","core\system\bus_expander.py"
"utci_viento_min","core\system\bus_expander.py"
"utci_vp_max","core\system\bus_expander.py"
"utci_vp_min","core\system\bus_expander.py"
"uv_alto","core\system\bus_expander.py"
"uv_bajo","core\system\bus_expander.py"
"uv_extremo","core\system\bus_expander.py"
"uv_moderado","core\system\bus_expander.py"
"uv_muy_alto","core\system\bus_expander.py"
"variabilidad_presion_3h","core\system\bus_expander.py"
"varianza_temperatura","core\system\bus_expander.py"
"velocidad_corte_entrada","core\system\bus_expander.py"
"velocidad_corte_salida","core\system\bus_expander.py"
"velocidad_evaporacion","core\system\bus_expander.py"
"velocidad_friccion","core\system\bus_expander.py"
"velocidad_friccion_ustar","core\system\bus_expander.py"
"velocidad_luz","core\system\bus_expander.py"
"velocidad_luz_vacio","core\system\bus_expander.py"
"velocidad_nominal_turbina","core\system\bus_expander.py"
"velocidad_optima_vuelo_ms","core\system\bus_expander.py"
"velocidad_rotacion_tierra","core\system\bus_expander.py"
"velocidad_sonido_ms","core\system\bus_expander.py"
"velocidad_stall_ms","core\system\bus_expander.py"
"velocidad_ventilacion_bernoulli","core\system\bus_expander.py"
"ventana_deteccion_anomalias","core\system\bus_expander.py"
"ventilacion_ACH_renovaciones_h","core\system\bus_expander.py"
"ventilacion_adecuada","core\system\bus_expander.py"
"ventilacion_caudal_ls","core\system\bus_expander.py"
"ventilacion_ideal_co2","core\system\bus_expander.py"
"ventilacion_ideal_humedad","core\system\bus_expander.py"
"ventilacion_ideal_temp","core\system\bus_expander.py"
"viento_100m_ms","core\system\bus_expander.py"
"viento_ajustado_10m","core\system\bus_expander.py"
"viento_brisa_ligera","core\system\bus_expander.py"
"viento_brisa_moderada","core\system\bus_expander.py"
"viento_calma","core\system\bus_expander.py"
"viento_cetreria_score","core\system\bus_expander.py"
"viento_componente_favorable_ms","core\system\bus_expander.py"
"viento_huracan_cat1","core\system\bus_expander.py"
"viento_huracan_cat5","core\system\bus_expander.py"
"viento_optimo_cetreria","core\system\bus_expander.py"
"viento_raw","core\system\bus_expander.py"
"viento_record_mundial","core\system\bus_expander.py"
"viento_temporal","core\system\bus_expander.py"
"viento_vendaval","core\system\bus_expander.py"
"viento_viento_fuerte","core\system\bus_expander.py"
"virial_b11_coef","core\system\bus_expander.py"
"virial_b12_coef","core\system\bus_expander.py"
"virial_b22_coef","core\system\bus_expander.py"
"viscosidad_referencia","core\system\bus_expander.py"
"viscosidad_sutherland","core\system\bus_expander.py"
"visibilidad_buena","core\system\bus_expander.py"
"visibilidad_categoria","core\system\bus_expander.py"
"visibilidad_cetreria_score","core\system\bus_expander.py"
"visibilidad_excelente","core\system\bus_expander.py"
"visibilidad_gultepe_m","core\system\bus_expander.py"
"visibilidad_kasten_hanel_km","core\system\bus_expander.py"
"visibilidad_km","core\system\bus_expander.py"
"visibilidad_kneizys_km","core\system\bus_expander.py"
"visibilidad_m","core\system\bus_expander.py"
"visibilidad_minima_cetreria","core\system\bus_expander.py"
"visibilidad_moderada","core\system\bus_expander.py"
"visibilidad_muy_buena","core\system\bus_expander.py"
"visibilidad_niebla","core\system\bus_expander.py"
"visibilidad_pobre","core\system\bus_expander.py"
"vpd","core\system\bus_expander.py"
"vpd_pa","core\system\bus_expander.py"
"vtt_hr_critica","core\system\bus_expander.py"
"vtt_indice_moho","core\system\bus_expander.py"
"vtt_riesgo_moho","core\system\bus_expander.py"
"wbgt","core\system\bus_expander.py;core\system\bus_expander.py"
"wbgt_componente_bulbo_humedo","core\system\bus_expander.py"
"wbgt_componente_globo","core\system\bus_expander.py"
"wbgt_diameter_globe","core\indices\environmental_indices.py"
"wbgt_estres_alto","core\system\bus_expander.py"
"wbgt_estres_bajo","core\system\bus_expander.py"
"wbgt_estres_extremo","core\system\bus_expander.py"
"wbgt_estres_moderado","core\system\bus_expander.py"
"wbgt_indoor","core\indices\environmental_indices.py"
"wbgt_peso_ta_outdoor","core\system\bus_expander.py"
"wbgt_peso_tg_outdoor","core\system\bus_expander.py"
"wbgt_peso_tnwb_outdoor","core\system\bus_expander.py"
"wbgt_sin_estres","core\system\bus_expander.py"
"wbgt_tg","core\indices\environmental_indices.py;core\system\bus_expander.py"
"wbgt_tnwb","core\system\bus_expander.py"
"wexler_coef_g0_agua","core\system\bus_expander.py"
"wexler_coef_g0_hielo","core\system\bus_expander.py"
"wexler_coef_g1_agua","core\system\bus_expander.py"
"wexler_coef_g1_hielo","core\system\bus_expander.py"
"wexler_coef_g2_agua","core\system\bus_expander.py"
"wexler_coef_g3_agua","core\system\bus_expander.py"
"wexler_coef_g4_agua","core\system\bus_expander.py"
"wexler_coef_g5_agua","core\system\bus_expander.py"
"wexler_coef_g6_agua","core\system\bus_expander.py"
"wexler_coef_g7_agua","core\system\bus_expander.py"
"wexler_convergencia_tipica","core\system\bus_expander.py"
"wexler_error_tipico","core\system\bus_expander.py"
"wexler_g0_agua","core\system\bus_expander.py"
"wexler_g1_agua","core\system\bus_expander.py"
"wexler_g2_agua","core\system\bus_expander.py"
"wexler_g3_agua","core\system\bus_expander.py"
"wexler_g4_agua","core\system\bus_expander.py"
"wexler_g5_agua","core\system\bus_expander.py"
"wexler_g6_agua","core\system\bus_expander.py"
"wexler_g7_agua","core\system\bus_expander.py"
"wexler_k0_hielo","core\system\bus_expander.py"
"wexler_k1_hielo","core\system\bus_expander.py"
"wexler_k2_hielo","core\system\bus_expander.py"
"wexler_k3_hielo","core\system\bus_expander.py"
"wexler_k4_hielo","core\system\bus_expander.py"
"wexler_k5_hielo","core\system\bus_expander.py"
"wexler_max_iteraciones","core\system\bus_expander.py"
"wexler_rango_validez_max","core\system\bus_expander.py"
"wexler_rango_validez_min","core\system\bus_expander.py"
"wexler_tolerancia_convergencia","core\system\bus_expander.py"
"wind_chill","core\system\bus_expander.py;core\system\bus_expander.py"
"windchill_componente_interaccion","core\system\bus_expander.py"
"windchill_componente_temp","core\system\bus_expander.py"
"windchill_componente_viento","core\system\bus_expander.py"
"z0_agua_mar_calma","core\system\bus_expander.py"
"z0_bosque","core\system\bus_expander.py"
"z0_cesped_corto","core\system\bus_expander.py"
"z0_ciudad","core\system\bus_expander.py"
"z0_cultivo_bajo","core\system\bus_expander.py"
"z_score_humedad","core\system\bus_expander.py"
"z_score_presion","core\system\bus_expander.py"
"z_score_temperatura","core\system\bus_expander.py"
