id,name,category,origin
1,"aceleracion_temperatura",,"bus_subfactores_reales.txt"
2,"aceleracion_viento",,"bus_subfactores_reales.txt"
3,"ach_minimo_dormitorio",,"bus_subfactores_reales.txt"
4,"ach_recomendado_bano",,"bus_subfactores_reales.txt"
5,"ach_recomendado_cocina",,"bus_subfactores_reales.txt"
6,"ach_recomendado_dormitorio",,"bus_subfactores_reales.txt"
7,"ach_recomendado_salon",,"bus_subfactores_reales.txt"
8,"actividad_rayos_proxima",,"bus_subfactores_reales.txt"
9,"airmass_correccion_presion",,"bus_subfactores_reales.txt"
10,"albedo_agua",,"bus_subfactores_reales.txt"
11,"albedo_base_cobertura",,"bus_subfactores_reales.txt"
12,"albedo_cesped",,"bus_subfactores_reales.txt"
13,"albedo_cultivo_verde",,"bus_subfactores_reales.txt"
14,"albedo_dinamico",,"bus_subfactores_reales.txt"
15,"albedo_nieve_fresca",,"bus_subfactores_reales.txt"
16,"albedo_nieve_vieja",,"bus_subfactores_reales.txt"
17,"albedo_suelo_desnudo",,"bus_subfactores_reales.txt"
18,"albedo_superficie",,"bus_subfactores_reales.txt"
19,"alerta_calor_activa",,"bus_subfactores_reales.txt"
20,"alerta_calor_componente_humedad",,"bus_subfactores_reales.txt"
21,"alerta_calor_componente_temperatura",,"bus_subfactores_reales.txt"
22,"alerta_calor_componente_uv",,"bus_subfactores_reales.txt"
23,"alerta_calor_extremo_score",,"bus_subfactores_reales.txt"
24,"alerta_frio_activa",,"bus_subfactores_reales.txt"
25,"alerta_frio_componente_temperatura",,"bus_subfactores_reales.txt"
26,"alerta_frio_componente_viento",,"bus_subfactores_reales.txt"
27,"alerta_frio_extremo_score",,"bus_subfactores_reales.txt"
28,"alerta_helada_radiativa_activa",,"bus_subfactores_reales.txt"
29,"alerta_helada_radiativa_score",,"bus_subfactores_reales.txt"
30,"alerta_niebla_activa",,"bus_subfactores_reales.txt"
31,"alerta_niebla_diferencial_td",,"bus_subfactores_reales.txt"
32,"alerta_niebla_score",,"bus_subfactores_reales.txt"
33,"alerta_polvo_activa",,"bus_subfactores_reales.txt"
34,"alerta_polvo_componente_pm10",,"bus_subfactores_reales.txt"
35,"alerta_polvo_componente_pm25",,"bus_subfactores_reales.txt"
36,"alerta_polvo_componente_viento",,"bus_subfactores_reales.txt"
37,"alerta_polvo_draxler_score",,"bus_subfactores_reales.txt"
38,"alerta_polvo_score",,"bus_subfactores_reales.txt"
39,"alerta_rachas_activa",,"bus_subfactores_reales.txt"
40,"alerta_rachas_peligrosas_score",,"bus_subfactores_reales.txt"
41,"alerta_rayos_activa",,"bus_subfactores_reales.txt"
42,"alerta_rayos_score",,"bus_subfactores_reales.txt"
43,"alerta_tormenta_activa",,"bus_subfactores_reales.txt"
44,"alerta_tormenta_componente_humedad",,"bus_subfactores_reales.txt"
45,"alerta_tormenta_componente_presion",,"bus_subfactores_reales.txt"
46,"alerta_tormenta_componente_radiacion",,"bus_subfactores_reales.txt"
47,"alerta_tormenta_score",,"bus_subfactores_reales.txt"
48,"altitud",,"bus_subfactores_reales.txt"
49,"altitud_estacion",,"bus_subfactores_reales.txt"
50,"altitud_inversion_estimada",,"bus_subfactores_reales.txt"
51,"altura_capa_limite_estimada",,"bus_subfactores_reales.txt"
52,"altura_capa_mezcla_m",,"bus_subfactores_reales.txt"
53,"altura_geopotencial",,"bus_subfactores_reales.txt"
54,"altura_medicion_viento",,"bus_subfactores_reales.txt"
55,"altura_referencia_viento",,"bus_subfactores_reales.txt"
56,"altura_turbulencia_efectiva_m",,"bus_subfactores_reales.txt"
57,"amplitud_ciclo_termico",,"bus_subfactores_reales.txt"
58,"amplitud_termica_diurna",,"bus_subfactores_reales.txt"
59,"angulo_cenital_deg",,"bus_subfactores_reales.txt"
60,"angulo_horario_amanecer",,"bus_subfactores_reales.txt"
61,"angulo_horario_puesta_sol",,"bus_subfactores_reales.txt"
62,"angulo_horario_puesta_sol_deg",,"bus_subfactores_reales.txt"
63,"angulo_horario_solar",,"bus_subfactores_reales.txt"
64,"anomalia_presion",,"bus_subfactores_reales.txt"
65,"anomalia_temperatura",,"bus_subfactores_reales.txt"
66,"aod_angstrom_310nm",,"bus_subfactores_reales.txt"
67,"aod_angstrom_500nm",,"bus_subfactores_reales.txt"
68,"aod_base_koschmieder",,"bus_subfactores_reales.txt"
69,"aptitud_vuelo_cetreria",,"bus_subfactores_reales.txt"
70,"aqi_compuesto",,"bus_subfactores_reales.txt"
71,"aqi_pm10",,"bus_subfactores_reales.txt"
72,"aqi_pm25",,"bus_subfactores_reales.txt"
73,"arco_solar",,"bus_subfactores_reales.txt"
74,"area_superficial_cuerpo_dubois",,"bus_subfactores_reales.txt"
75,"ascension_recta_solar",,"bus_subfactores_reales.txt"
76,"ashrae55_aceptabilidad",,"bus_subfactores_reales.txt"
77,"ashrae55_limite_inferior_80",,"bus_subfactores_reales.txt"
78,"ashrae55_limite_superior_80",,"bus_subfactores_reales.txt"
79,"ashrae55_temp_confort",,"bus_subfactores_reales.txt"
80,"auto_discovery_enabled",,"bus_subfactores_reales.txt"
81,"auto_discovery_modules_scanned",,"bus_subfactores_reales.txt"
82,"auto_discovery_motores_escaneados",,"bus_subfactores_reales.txt"
83,"auto_discovery_subfactores_encontrados",,"bus_subfactores_reales.txt"
84,"auto_discovery_timestamp",,"bus_subfactores_reales.txt"
85,"auto_discovery_version",,"bus_subfactores_reales.txt"
86,"azimut_solar",,"bus_subfactores_reales.txt"
87,"año",,"bus_subfactores_reales.txt"
88,"balance_energetico_W",,"bus_subfactores_reales.txt"
89,"balance_hidrico_24h",,"bus_subfactores_reales.txt"
90,"balance_hidrico_anual_mm",,"bus_subfactores_reales.txt"
91,"barro_campo_bucket_pct",,"bus_subfactores_reales.txt"
92,"base_calefaccion",,"bus_subfactores_reales.txt"
93,"base_refrigeracion",,"bus_subfactores_reales.txt"
94,"beaufort_0_calma",,"bus_subfactores_reales.txt"
95,"beaufort_10_temporal_muy_fuerte",,"bus_subfactores_reales.txt"
96,"beaufort_11_tempestad",,"bus_subfactores_reales.txt"
97,"beaufort_12_huracan",,"bus_subfactores_reales.txt"
98,"beaufort_1_ventolina",,"bus_subfactores_reales.txt"
99,"beaufort_2_brisa_muy_debil",,"bus_subfactores_reales.txt"
100,"beaufort_3_brisa_debil",,"bus_subfactores_reales.txt"
101,"beaufort_4_brisa_moderada",,"bus_subfactores_reales.txt"
102,"beaufort_5_brisa_fresca",,"bus_subfactores_reales.txt"
103,"beaufort_6_brisa_fuerte",,"bus_subfactores_reales.txt"
104,"beaufort_7_viento_fuerte",,"bus_subfactores_reales.txt"
105,"beaufort_8_temporal",,"bus_subfactores_reales.txt"
106,"beaufort_9_temporal_fuerte",,"bus_subfactores_reales.txt"
107,"bias_temperatura",,"bus_subfactores_reales.txt"
108,"biotemperatura_holdridge",,"bus_subfactores_reales.txt"
109,"bochorno_insoportable",,"bus_subfactores_reales.txt"
110,"bochorno_intenso",,"bus_subfactores_reales.txt"
111,"bochorno_ligero",,"bus_subfactores_reales.txt"
112,"bochorno_moderado",,"bus_subfactores_reales.txt"
113,"bochorno_sin",,"bus_subfactores_reales.txt"
114,"brier_score_prediccion",,"bus_subfactores_reales.txt"
115,"brunt_coef_a",,"bus_subfactores_reales.txt"
116,"brunt_coef_b",,"bus_subfactores_reales.txt"
117,"brunt_factor_nubosidad_0_despejado",,"bus_subfactores_reales.txt"
118,"brunt_factor_nubosidad_100_cubierto",,"bus_subfactores_reales.txt"
119,"brunt_factor_nubosidad_50_parcial",,"bus_subfactores_reales.txt"
120,"brunt_vaisala_N2",,"bus_subfactores_reales.txt"
121,"brunt_vaisala_frequency",,"bus_subfactores_reales.txt"
122,"bus_expander_version",,"bus_subfactores_reales.txt"
123,"calidad_aire_categoria",,"bus_subfactores_reales.txt"
124,"calidad_datos_temperatura",,"bus_subfactores_reales.txt"
125,"calidad_estimacion_geografica",,"bus_subfactores_reales.txt"
126,"calidad_ventilacion_pct",,"bus_subfactores_reales.txt"
127,"calor_especifico_agua",,"bus_subfactores_reales.txt"
128,"calor_especifico_aire_seco",,"bus_subfactores_reales.txt"
129,"calor_especifico_dinamico",,"bus_subfactores_reales.txt"
130,"calor_especifico_hielo",,"bus_subfactores_reales.txt"
131,"calor_especifico_vapor",,"bus_subfactores_reales.txt"
132,"calor_fusion_hielo",,"bus_subfactores_reales.txt"
133,"calor_latente_fusion",,"bus_subfactores_reales.txt"
134,"calor_latente_sublimacion_0c",,"bus_subfactores_reales.txt"
135,"calor_latente_vaporizacion",,"bus_subfactores_reales.txt"
136,"calor_latente_vaporizacion_0c",,"bus_subfactores_reales.txt"
137,"cambio_nubosidad_rapido",,"bus_subfactores_reales.txt"
138,"cambio_rapido_presion",,"bus_subfactores_reales.txt"
139,"cambio_rapido_temperatura",,"bus_subfactores_reales.txt"
140,"capacidad_campo_mm",,"bus_subfactores_reales.txt"
141,"cape",,"bus_subfactores_reales.txt"
142,"cape_categoria",,"bus_subfactores_reales.txt"
143,"cape_debil",,"bus_subfactores_reales.txt"
144,"cape_fuerte",,"bus_subfactores_reales.txt"
145,"cape_j_kg",,"bus_subfactores_reales.txt"
146,"cape_moderado",,"bus_subfactores_reales.txt"
147,"carga_electron",,"bus_subfactores_reales.txt"
148,"carga_termica_edificio",,"bus_subfactores_reales.txt"
149,"categoria_aridez",,"bus_subfactores_reales.txt"
150,"categoria_calidad_ambiental",,"bus_subfactores_reales.txt"
151,"categoria_cape",,"bus_subfactores_reales.txt"
152,"categoria_confort_ashrae",,"bus_subfactores_reales.txt"
153,"categoria_estres_calor",,"bus_subfactores_reales.txt"
154,"categoria_estres_ganado",,"bus_subfactores_reales.txt"
155,"categoria_historica_temperatura",,"bus_subfactores_reales.txt"
156,"categoria_humedad_suelo",,"bus_subfactores_reales.txt"
157,"categoria_lang",,"bus_subfactores_reales.txt"
158,"categoria_martonne",,"bus_subfactores_reales.txt"
159,"categoria_ozono",,"bus_subfactores_reales.txt"
160,"caudal_ventilacion",,"bus_subfactores_reales.txt"
161,"chi_squared_coherencia",,"bus_subfactores_reales.txt"
162,"ciclo_diurno_completado",,"bus_subfactores_reales.txt"
163,"cielo_observable_nocturno_score",,"bus_subfactores_reales.txt"
164,"cin",,"bus_subfactores_reales.txt"
165,"cin_j_kg",,"bus_subfactores_reales.txt"
166,"clasificacion_estabilidad",,"bus_subfactores_reales.txt"
167,"clo_aislamiento_ropa",,"bus_subfactores_reales.txt"
168,"clo_desnudo",,"bus_subfactores_reales.txt"
169,"clo_invierno",,"bus_subfactores_reales.txt"
170,"clo_traje",,"bus_subfactores_reales.txt"
171,"clo_verano",,"bus_subfactores_reales.txt"
172,"cn2_estructura_refractiva",,"bus_subfactores_reales.txt"
173,"co2_aceptable",,"bus_subfactores_reales.txt"
174,"co2_bueno",,"bus_subfactores_reales.txt"
175,"co2_categoria",,"bus_subfactores_reales.txt"
176,"co2_excelente",,"bus_subfactores_reales.txt"
177,"co2_malo",,"bus_subfactores_reales.txt"
178,"co2_muy_malo",,"bus_subfactores_reales.txt"
179,"co2_nivel",,"bus_subfactores_reales.txt"
180,"co2_pobre",,"bus_subfactores_reales.txt"
181,"coeficiente_absorcion_beta_abs",,"bus_subfactores_reales.txt"
182,"coeficiente_angstrom_alpha",,"bus_subfactores_reales.txt"
183,"coeficiente_angstrom_beta",,"bus_subfactores_reales.txt"
184,"coeficiente_arrastre_CD",,"bus_subfactores_reales.txt"
185,"coeficiente_convectivo_hc",,"bus_subfactores_reales.txt"
186,"coeficiente_dispersion_beta_sca",,"bus_subfactores_reales.txt"
187,"coeficiente_extincion_beta_ext",,"bus_subfactores_reales.txt"
188,"coeficiente_psicrometrico",,"bus_subfactores_reales.txt"
189,"coeficiente_sustentacion_CL",,"bus_subfactores_reales.txt"
190,"coeficiente_transferencia_masa",,"bus_subfactores_reales.txt"
191,"coherencia_datos_humedad",,"bus_subfactores_reales.txt"
192,"coherencia_datos_presion",,"bus_subfactores_reales.txt"
193,"coherencia_datos_temperatura_humedad",,"bus_subfactores_reales.txt"
194,"coherencia_general_sensores",,"bus_subfactores_reales.txt"
195,"coherencia_sensores",,"bus_subfactores_reales.txt"
196,"condensacion_alto",,"bus_subfactores_reales.txt"
197,"condensacion_bajo",,"bus_subfactores_reales.txt"
198,"condensacion_moderado",,"bus_subfactores_reales.txt"
199,"condensacion_muy_alto",,"bus_subfactores_reales.txt"
200,"condensacion_seguro",,"bus_subfactores_reales.txt"
201,"condiciones_observacion",,"bus_subfactores_reales.txt"
202,"conductividad_aire_seco",,"bus_subfactores_reales.txt"
203,"conductividad_termica",,"bus_subfactores_reales.txt"
204,"confianza_latitud_radiacion",,"bus_subfactores_reales.txt"
205,"confianza_prediccion_general",,"bus_subfactores_reales.txt"
206,"confianza_prediccion_lluvia",,"bus_subfactores_reales.txt"
207,"confort_ave_interpretacion",,"bus_subfactores_reales.txt"
208,"confort_ave_porter_gates_0_100",,"bus_subfactores_reales.txt"
209,"confort_ave_score",,"bus_subfactores_reales.txt"
210,"confort_calido",,"bus_subfactores_reales.txt"
211,"confort_calor_extremo",,"bus_subfactores_reales.txt"
212,"confort_caluroso",,"bus_subfactores_reales.txt"
213,"confort_fresco",,"bus_subfactores_reales.txt"
214,"confort_frio",,"bus_subfactores_reales.txt"
215,"confort_frio_extremo",,"bus_subfactores_reales.txt"
216,"confort_general_aceptable",,"bus_subfactores_reales.txt"
217,"confort_general_bueno",,"bus_subfactores_reales.txt"
218,"confort_general_deficiente",,"bus_subfactores_reales.txt"
219,"confort_general_optimo",,"bus_subfactores_reales.txt"
220,"confort_interior_score",,"bus_subfactores_reales.txt"
221,"confort_optimo",,"bus_subfactores_reales.txt"
222,"confort_porcentaje_ashrae",,"bus_subfactores_reales.txt"
223,"constante_boltzmann",,"bus_subfactores_reales.txt"
224,"constante_gas_vapor",,"bus_subfactores_reales.txt"
225,"constante_gases_universal",,"bus_subfactores_reales.txt"
226,"constante_planck",,"bus_subfactores_reales.txt"
227,"constante_psicrometrica_gamma",,"bus_subfactores_reales.txt"
228,"constante_solar",,"bus_subfactores_reales.txt"
229,"constante_solar_fao56",,"bus_subfactores_reales.txt"
230,"constante_solar_fao56_wm2",,"bus_subfactores_reales.txt"
231,"constante_solar_gsc",,"bus_subfactores_reales.txt"
232,"constante_solar_w_m2",,"bus_subfactores_reales.txt"
233,"constante_stefan_boltzmann",,"bus_subfactores_reales.txt"
234,"constante_stefan_boltzmann_si",,"bus_subfactores_reales.txt"
235,"constante_sutherland",,"bus_subfactores_reales.txt"
236,"constante_universal_gases",,"bus_subfactores_reales.txt"
237,"constante_von_karman",,"bus_subfactores_reales.txt"
238,"constantes_totales_publicadas",,"bus_subfactores_reales.txt"
239,"conveccion_globo_W",,"bus_subfactores_reales.txt"
240,"correccion_radiativa",,"bus_subfactores_reales.txt"
241,"declinacion_solar",,"bus_subfactores_reales.txt"
242,"declinacion_solar_deg",,"bus_subfactores_reales.txt"
243,"declinacion_solar_grados",,"bus_subfactores_reales.txt"
244,"declinacion_solar_rad",,"bus_subfactores_reales.txt"
245,"declinacion_solar_simple",,"bus_subfactores_reales.txt"
246,"deficit_hidrico",,"bus_subfactores_reales.txt"
247,"deficit_saturacion",,"bus_subfactores_reales.txt"
248,"delta_albedo_humedad",,"bus_subfactores_reales.txt"
249,"delta_conductividad_humedad",,"bus_subfactores_reales.txt"
250,"delta_t_atomico",,"bus_subfactores_reales.txt"
251,"delta_temperatura_1h",,"bus_subfactores_reales.txt"
252,"delta_termico_hora",,"bus_subfactores_reales.txt"
253,"demanda_climatizacion_estimada",,"bus_subfactores_reales.txt"
254,"denominador_penman_monteith",,"bus_subfactores_reales.txt"
255,"densidad_agua_liquida",,"bus_subfactores_reales.txt"
256,"densidad_aire_cipm",,"bus_subfactores_reales.txt"
257,"densidad_hielo",,"bus_subfactores_reales.txt"
258,"densidad_optica_nube",,"bus_subfactores_reales.txt"
259,"depresion_cielo_cubierto",,"bus_subfactores_reales.txt"
260,"depresion_cielo_despejado",,"bus_subfactores_reales.txt"
261,"depresion_muy_nublado",,"bus_subfactores_reales.txt"
262,"depresion_parcialmente_nublado",,"bus_subfactores_reales.txt"
263,"depresion_poco_nublado",,"bus_subfactores_reales.txt"
264,"depresion_punto_rocio",,"bus_subfactores_reales.txt"
265,"desviacion_confort_ashrae",,"bus_subfactores_reales.txt"
266,"desviacion_estandar_temperatura",,"bus_subfactores_reales.txt"
267,"desviacion_patron_presion",,"bus_subfactores_reales.txt"
268,"desviacion_patron_temperatura",,"bus_subfactores_reales.txt"
269,"dew_point_max_iter",,"bus_subfactores_reales.txt"
270,"dew_point_tolerance",,"bus_subfactores_reales.txt"
271,"dia_del_ano",,"bus_subfactores_reales.txt"
272,"dia_juliano",,"bus_subfactores_reales.txt"
273,"dia_mes",,"bus_subfactores_reales.txt"
274,"dia_semana",,"bus_subfactores_reales.txt"
275,"dias_desde_luna_nueva",,"bus_subfactores_reales.txt"
276,"dias_desde_ultima_calibracion",,"bus_subfactores_reales.txt"
277,"dias_en_estacion",,"bus_subfactores_reales.txt"
278,"dias_grado_crecimiento",,"bus_subfactores_reales.txt"
279,"dias_helada_acumulados_año",,"bus_subfactores_reales.txt"
280,"diferencia_estratificacion",,"bus_subfactores_reales.txt"
281,"diferencia_hora_solar",,"bus_subfactores_reales.txt"
282,"diferencia_presion_altitud",,"bus_subfactores_reales.txt"
283,"diferencial_temperatura",,"bus_subfactores_reales.txt"
284,"diferencial_termico_int_ext",,"bus_subfactores_reales.txt"
285,"difusividad_vapor",,"bus_subfactores_reales.txt"
286,"direccion_flujo_ventilacion",,"bus_subfactores_reales.txt"
287,"direccion_tendencia_humedad",,"bus_subfactores_reales.txt"
288,"direccion_tendencia_presion",,"bus_subfactores_reales.txt"
289,"direccion_tendencia_temperatura",,"bus_subfactores_reales.txt"
290,"direccion_viento_raw",,"bus_subfactores_reales.txt"
291,"disponibilidad_agua_plantas_pct",,"bus_subfactores_reales.txt"
292,"distancia_tierra_sol",,"bus_subfactores_reales.txt"
293,"drenaje_profundo_mm_dia",,"bus_subfactores_reales.txt"
294,"drift_sensor_temperatura",,"bus_subfactores_reales.txt"
295,"duracion_dia_h",,"bus_subfactores_reales.txt"
296,"ecuacion_tiempo",,"bus_subfactores_reales.txt"
297,"el",,"bus_subfactores_reales.txt"
298,"elevacion_solar",,"bus_subfactores_reales.txt"
299,"elevacion_solar_estimada",,"bus_subfactores_reales.txt"
300,"elite_motors_version",,"bus_subfactores_reales.txt"
301,"elite_muro_valor_maximo",,"bus_subfactores_reales.txt"
302,"elite_muro_valor_minimo",,"bus_subfactores_reales.txt"
303,"elite_truncamiento_decimal",,"bus_subfactores_reales.txt"
304,"emis ividad_cuerpo_humano",,"bus_subfactores_reales.txt"
305,"emis ividad_cuerpo_negro",,"bus_subfactores_reales.txt"
306,"emisividad_agua",,"bus_subfactores_reales.txt"
307,"emisividad_atmosfera_clara",,"bus_subfactores_reales.txt"
308,"emisividad_nieve",,"bus_subfactores_reales.txt"
309,"emisividad_suelo_seco",,"bus_subfactores_reales.txt"
310,"emisividad_vegetacion",,"bus_subfactores_reales.txt"
311,"energia_solar_acumulada_dia",,"bus_subfactores_reales.txt"
312,"entalpia_aire_humedo",,"bus_subfactores_reales.txt"
313,"entalpia_aire_humedo_total",,"bus_subfactores_reales.txt"
314,"entalpia_aire_seco_componente",,"bus_subfactores_reales.txt"
315,"entalpia_vapor_componente",,"bus_subfactores_reales.txt"
316,"environmental_indices_lines",,"bus_subfactores_reales.txt"
317,"epsilon_vapor",,"bus_subfactores_reales.txt"
318,"equilibrium_level_m",,"bus_subfactores_reales.txt"
319,"error_absoluto_temperatura",,"bus_subfactores_reales.txt"
320,"es_año_bisiesto",,"bus_subfactores_reales.txt"
321,"escala_kolmogorov_eta",,"bus_subfactores_reales.txt"
322,"escenario_medio_temp",,"bus_subfactores_reales.txt"
323,"escenario_optimista_temp",,"bus_subfactores_reales.txt"
324,"escenario_pesimista_temp",,"bus_subfactores_reales.txt"
325,"esfuerzo_turbulencia_adicional_W",,"bus_subfactores_reales.txt"
326,"estabilidad_atmosferica",,"bus_subfactores_reales.txt"
327,"estabilidad_score",,"bus_subfactores_reales.txt"
328,"estacion_del_ano",,"bus_subfactores_reales.txt"
329,"estado_turbina_eolica",,"bus_subfactores_reales.txt"
330,"estimacion_geografica_disponible",,"bus_subfactores_reales.txt"
331,"et0_alto",,"bus_subfactores_reales.txt"
332,"et0_bajo",,"bus_subfactores_reales.txt"
333,"et0_canopy_shuttleworth",,"bus_subfactores_reales.txt"
334,"et0_moderado",,"bus_subfactores_reales.txt"
335,"et0_muy_alto",,"bus_subfactores_reales.txt"
336,"et0_muy_bajo",,"bus_subfactores_reales.txt"
337,"et0_soil_shuttleworth",,"bus_subfactores_reales.txt"
338,"et0_total_shuttleworth",,"bus_subfactores_reales.txt"
339,"et_sw_canopy",,"bus_subfactores_reales.txt"
340,"et_sw_delta_vapor",,"bus_subfactores_reales.txt"
341,"et_sw_factor_stomatal",,"bus_subfactores_reales.txt"
342,"et_sw_lai",,"bus_subfactores_reales.txt"
343,"et_sw_resistencia_canopy",,"bus_subfactores_reales.txt"
344,"et_sw_resistencia_suelo",,"bus_subfactores_reales.txt"
345,"et_sw_soil",,"bus_subfactores_reales.txt"
346,"et_sw_status",,"bus_subfactores_reales.txt"
347,"et_sw_total",,"bus_subfactores_reales.txt"
348,"et_sw_vpd",,"bus_subfactores_reales.txt"
349,"evaporacion_bulbo_humedo_W",,"bus_subfactores_reales.txt"
350,"evapotranspiracion_potencial_et0",,"bus_subfactores_reales.txt"
351,"evapotranspiracion_real_etr",,"bus_subfactores_reales.txt"
352,"excentricidad_orbita",,"bus_subfactores_reales.txt"
353,"excentricidad_orbita_tierra",,"bus_subfactores_reales.txt"
354,"exponente_angstrom_alpha",,"bus_subfactores_reales.txt"
355,"exponente_barometrico",,"bus_subfactores_reales.txt"
356,"exponente_laplace",,"bus_subfactores_reales.txt"
357,"factor_ajuste_perfil_viento",,"bus_subfactores_reales.txt"
358,"factor_capacidad_eolica",,"bus_subfactores_reales.txt"
359,"factor_capacidad_fotovoltaica",,"bus_subfactores_reales.txt"
360,"factor_cielo_claro",,"bus_subfactores_reales.txt"
361,"factor_compresibilidad_virial",,"bus_subfactores_reales.txt"
362,"factor_conversion_longitud",,"bus_subfactores_reales.txt"
363,"factor_correccion_vapor",,"bus_subfactores_reales.txt"
364,"factor_correccion_vapor_humedo",,"bus_subfactores_reales.txt"
365,"factor_crecimiento_higroscopico_aerosol",,"bus_subfactores_reales.txt"
366,"factor_crecimiento_higroscopico_f_RH",,"bus_subfactores_reales.txt"
367,"factor_distancia_tierra_sol",,"bus_subfactores_reales.txt"
368,"factor_espectral_potencias",,"bus_subfactores_reales.txt"
369,"factor_excentricidad_orbital",,"bus_subfactores_reales.txt"
370,"factor_f_a_c",,"bus_subfactores_reales.txt"
371,"factor_forma_edificio",,"bus_subfactores_reales.txt"
372,"factor_gravedad_altitud",,"bus_subfactores_reales.txt"
373,"factor_gravedad_latitud",,"bus_subfactores_reales.txt"
374,"factor_hpa_a_pa",,"bus_subfactores_reales.txt"
375,"factor_humedad_calor_especifico",,"bus_subfactores_reales.txt"
376,"factor_humedad_conductividad",,"bus_subfactores_reales.txt"
377,"factor_inhg_a_hpa",,"bus_subfactores_reales.txt"
378,"factor_kg_a_g",,"bus_subfactores_reales.txt"
379,"factor_kmh_a_ms",,"bus_subfactores_reales.txt"
380,"factor_m_a_km",,"bus_subfactores_reales.txt"
381,"factor_mjm2dia_a_wm2",,"bus_subfactores_reales.txt"
382,"factor_mm_a_m",,"bus_subfactores_reales.txt"
383,"factor_mph_a_kmh",,"bus_subfactores_reales.txt"
384,"factor_ms_a_kmh",,"bus_subfactores_reales.txt"
385,"factor_multiplicador_presion",,"bus_subfactores_reales.txt"
386,"factor_pa_a_atm",,"bus_subfactores_reales.txt"
387,"factor_pa_a_kpa",,"bus_subfactores_reales.txt"
388,"factor_secado_viento_radiacion",,"bus_subfactores_reales.txt"
389,"factor_sequedad_suelo",,"bus_subfactores_reales.txt"
390,"factor_solar",,"bus_subfactores_reales.txt"
391,"factor_stomatal_reduccion",,"bus_subfactores_reales.txt"
392,"factor_stress_hidrico",,"bus_subfactores_reales.txt"
393,"factor_wm2_a_mjm2dia",,"bus_subfactores_reales.txt"
394,"fanger_clo_estacional",,"bus_subfactores_reales.txt"
395,"fanger_fcl",,"bus_subfactores_reales.txt"
396,"fanger_hc",,"bus_subfactores_reales.txt"
397,"fanger_icl",,"bus_subfactores_reales.txt"
398,"fanger_met_actividad",,"bus_subfactores_reales.txt"
399,"fanger_pmv",,"bus_subfactores_reales.txt"
400,"fanger_ppd",,"bus_subfactores_reales.txt"
401,"fase_ciclo_termico",,"bus_subfactores_reales.txt"
402,"fase_lunar",,"bus_subfactores_reales.txt"
403,"favorable_termicas_bool",,"bus_subfactores_reales.txt"
404,"favorable_vuelo_planeo_bool",,"bus_subfactores_reales.txt"
405,"flujo_calor_sensible_H",,"bus_subfactores_reales.txt"
406,"fraccion_argon",,"bus_subfactores_reales.txt"
407,"fraccion_co2",,"bus_subfactores_reales.txt"
408,"fraccion_condensacion_agua",,"bus_subfactores_reales.txt"
409,"fraccion_dia",,"bus_subfactores_reales.txt"
410,"fraccion_molar_vapor",,"bus_subfactores_reales.txt"
411,"fraccion_nitrogeno",,"bus_subfactores_reales.txt"
412,"fraccion_oxigeno",,"bus_subfactores_reales.txt"
413,"fraccion_radiacion_difusa",,"bus_subfactores_reales.txt"
414,"fraccion_saturacion",,"bus_subfactores_reales.txt"
415,"fried_r0_bueno",,"bus_subfactores_reales.txt"
416,"fried_r0_excelente",,"bus_subfactores_reales.txt"
417,"fried_r0_m",,"bus_subfactores_reales.txt"
418,"fried_r0_moderado",,"bus_subfactores_reales.txt"
419,"fried_r0_muy_pobre",,"bus_subfactores_reales.txt"
420,"fried_r0_pobre",,"bus_subfactores_reales.txt"
421,"fuerza_inversion_termica",,"bus_subfactores_reales.txt"
422,"fuerza_motriz_evaporacion",,"bus_subfactores_reales.txt"
423,"gab_hormigon",,"bus_subfactores_reales.txt"
424,"gab_hormigon_a",,"bus_subfactores_reales.txt"
425,"gab_hormigon_b",,"bus_subfactores_reales.txt"
426,"gab_hormigon_c",,"bus_subfactores_reales.txt"
427,"gab_ladrillo",,"bus_subfactores_reales.txt"
428,"gab_ladrillo_a",,"bus_subfactores_reales.txt"
429,"gab_ladrillo_b",,"bus_subfactores_reales.txt"
430,"gab_ladrillo_c",,"bus_subfactores_reales.txt"
431,"gab_madera",,"bus_subfactores_reales.txt"
432,"gab_madera_a",,"bus_subfactores_reales.txt"
433,"gab_madera_b",,"bus_subfactores_reales.txt"
434,"gab_madera_c",,"bus_subfactores_reales.txt"
435,"gab_yeso",,"bus_subfactores_reales.txt"
436,"gab_yeso_a",,"bus_subfactores_reales.txt"
437,"gab_yeso_b",,"bus_subfactores_reales.txt"
438,"gab_yeso_c",,"bus_subfactores_reales.txt"
439,"ganancia_solar_W",,"bus_subfactores_reales.txt"
440,"ganancia_termica_radiacion",,"bus_subfactores_reales.txt"
441,"gap_temperatura_rocio",,"bus_subfactores_reales.txt"
442,"gdd_base_cereal",,"bus_subfactores_reales.txt"
443,"gdd_base_citricos",,"bus_subfactores_reales.txt"
444,"gdd_base_maiz",,"bus_subfactores_reales.txt"
445,"gdd_base_vid",,"bus_subfactores_reales.txt"
446,"gradiente_adiabatico_seco",,"bus_subfactores_reales.txt"
447,"gradiente_adiabatico_seco_teorico",,"bus_subfactores_reales.txt"
448,"gradiente_real_aplicado",,"bus_subfactores_reales.txt"
449,"gradiente_termico_adiabatico_humedo",,"bus_subfactores_reales.txt"
450,"gradiente_termico_adiabatico_seco",,"bus_subfactores_reales.txt"
451,"gradiente_termico_isa",,"bus_subfactores_reales.txt"
452,"gradiente_termico_troposferico",,"bus_subfactores_reales.txt"
453,"grados_dia_calefaccion_hdd_acumulado",,"bus_subfactores_reales.txt"
454,"grados_dia_calefaccion_hdd_dia",,"bus_subfactores_reales.txt"
455,"grados_dia_refrigeracion_cdd_acumulado",,"bus_subfactores_reales.txt"
456,"grados_dia_refrigeracion_cdd_dia",,"bus_subfactores_reales.txt"
457,"gravedad_dinamica",,"bus_subfactores_reales.txt"
458,"gravedad_ecuatorial",,"bus_subfactores_reales.txt"
459,"gravedad_estandar",,"bus_subfactores_reales.txt"
460,"hash_integridad_frame",,"bus_subfactores_reales.txt"
461,"heat_index_componente_hr",,"bus_subfactores_reales.txt"
462,"heat_index_componente_interaccion",,"bus_subfactores_reales.txt"
463,"heat_index_componente_temp",,"bus_subfactores_reales.txt"
464,"heat_index_simple",,"bus_subfactores_reales.txt"
465,"helada_punto_rocio_riesgo_alto",,"bus_subfactores_reales.txt"
466,"helada_punto_rocio_riesgo_bajo",,"bus_subfactores_reales.txt"
467,"helada_punto_rocio_riesgo_moderado",,"bus_subfactores_reales.txt"
468,"helada_punto_rocio_riesgo_muy_alto",,"bus_subfactores_reales.txt"
469,"helada_punto_rocio_seguro",,"bus_subfactores_reales.txt"
470,"hemisferio_este_oeste",,"bus_subfactores_reales.txt"
471,"hemisferio_norte_sur",,"bus_subfactores_reales.txt"
472,"hora_local",,"bus_subfactores_reales.txt"
473,"hora_pico_solar",,"bus_subfactores_reales.txt"
474,"hora_temperatura_maxima",,"bus_subfactores_reales.txt"
475,"hora_temperatura_minima",,"bus_subfactores_reales.txt"
476,"hora_utc",,"bus_subfactores_reales.txt"
477,"horas_hasta_saturacion",,"bus_subfactores_reales.txt"
478,"humedad_absoluta",,"bus_subfactores_reales.txt"
479,"humedad_absoluta_derivada",,"bus_subfactores_reales.txt"
480,"humedad_absoluta_max",,"bus_subfactores_reales.txt"
481,"humedad_aire_humedo",,"bus_subfactores_reales.txt"
482,"humedad_aire_muy_seco",,"bus_subfactores_reales.txt"
483,"humedad_aire_seco",,"bus_subfactores_reales.txt"
484,"humedad_confort_max",,"bus_subfactores_reales.txt"
485,"humedad_confort_min",,"bus_subfactores_reales.txt"
486,"humedad_critica_moho_pct",,"bus_subfactores_reales.txt"
487,"humedad_diamond",,"bus_subfactores_reales.txt"
488,"humedad_especifica",,"bus_subfactores_reales.txt"
489,"humedad_especifica_aprox",,"bus_subfactores_reales.txt"
490,"humedad_especifica_critica",,"bus_subfactores_reales.txt"
491,"humedad_especifica_q",,"bus_subfactores_reales.txt"
492,"humedad_raw",,"bus_subfactores_reales.txt"
493,"humedad_relativa_max",,"bus_subfactores_reales.txt"
494,"humedad_relativa_min",,"bus_subfactores_reales.txt"
495,"humedad_suelo_absoluta",,"bus_subfactores_reales.txt"
496,"humedad_suelo_mm",,"bus_subfactores_reales.txt"
497,"humedad_suelo_relativa",,"bus_subfactores_reales.txt"
498,"hurst_H",,"bus_subfactores_reales.txt"
499,"hurst_estabilidad_pct",,"bus_subfactores_reales.txt"
500,"hurst_interpretacion",,"bus_subfactores_reales.txt"
501,"hurst_ventana_analisis_dias",,"bus_subfactores_reales.txt"
502,"hyland_wexler_c1",,"bus_subfactores_reales.txt"
503,"hyland_wexler_c2",,"bus_subfactores_reales.txt"
504,"hyland_wexler_c3",,"bus_subfactores_reales.txt"
505,"hyland_wexler_c4",,"bus_subfactores_reales.txt"
506,"hyland_wexler_c5",,"bus_subfactores_reales.txt"
507,"hyland_wexler_c6",,"bus_subfactores_reales.txt"
508,"iapws_n1",,"bus_subfactores_reales.txt"
509,"iapws_n2",,"bus_subfactores_reales.txt"
510,"iapws_n3",,"bus_subfactores_reales.txt"
511,"iapws_n4",,"bus_subfactores_reales.txt"
512,"iapws_presion_critica",,"bus_subfactores_reales.txt"
513,"iapws_temp_critica",,"bus_subfactores_reales.txt"
514,"icono_fase_lunar",,"bus_subfactores_reales.txt"
515,"iluminacion_lunar",,"bus_subfactores_reales.txt"
516,"incertidumbre_prediccion",,"bus_subfactores_reales.txt"
517,"indice_aridez_unesco",,"bus_subfactores_reales.txt"
518,"indice_cetreria_compuesto",,"bus_subfactores_reales.txt"
519,"indice_claridad_kt",,"bus_subfactores_reales.txt"
520,"indice_continentalidad",,"bus_subfactores_reales.txt"
521,"indice_humedad_0_1",,"bus_subfactores_reales.txt"
522,"indice_lang",,"bus_subfactores_reales.txt"
523,"indice_maduracion_cultivos",,"bus_subfactores_reales.txt"
524,"indice_martonne",,"bus_subfactores_reales.txt"
525,"indice_moho_vtt_M",,"bus_subfactores_reales.txt"
526,"indice_scorer",,"bus_subfactores_reales.txt"
527,"indice_sequedad_0_1",,"bus_subfactores_reales.txt"
528,"indice_sequia_aire",,"bus_subfactores_reales.txt"
529,"indice_visibilidad",,"bus_subfactores_reales.txt"
530,"inercia_termica",,"bus_subfactores_reales.txt"
531,"inicio_primavera_detectado",,"bus_subfactores_reales.txt"
532,"inicio_primavera_fenologico_dia",,"bus_subfactores_reales.txt"
533,"intensidad_termicas_0_100",,"bus_subfactores_reales.txt"
534,"interpretacion_confort",,"bus_subfactores_reales.txt"
535,"interpretacion_inversion",,"bus_subfactores_reales.txt"
536,"interpretacion_pmv",,"bus_subfactores_reales.txt"
537,"intervalo_calibracion_recomendado",,"bus_subfactores_reales.txt"
538,"intervalo_confianza_95_temperatura",,"bus_subfactores_reales.txt"
539,"inversion_termica_detectada",,"bus_subfactores_reales.txt"
540,"inversion_termica_pct",,"bus_subfactores_reales.txt"
541,"isa_altitud",,"bus_subfactores_reales.txt"
542,"isa_densidad",,"bus_subfactores_reales.txt"
543,"isa_densidad_aire_default",,"bus_subfactores_reales.txt"
544,"isa_humedad",,"bus_subfactores_reales.txt"
545,"isa_humedad_relativa_default",,"bus_subfactores_reales.txt"
546,"isa_latitud",,"bus_subfactores_reales.txt"
547,"isa_presion",,"bus_subfactores_reales.txt"
548,"isa_presion_nivel_mar",,"bus_subfactores_reales.txt"
549,"isa_temperatura",,"bus_subfactores_reales.txt"
550,"isa_temperatura_nivel_mar",,"bus_subfactores_reales.txt"
551,"isa_temperatura_rocio_default",,"bus_subfactores_reales.txt"
552,"k_index",,"bus_subfactores_reales.txt"
553,"k_index_categoria",,"bus_subfactores_reales.txt"
554,"k_index_sin_tormentas",,"bus_subfactores_reales.txt"
555,"k_index_tormenta",,"bus_subfactores_reales.txt"
556,"k_index_tormenta_muy_probable",,"bus_subfactores_reales.txt"
557,"k_index_tormenta_posible",,"bus_subfactores_reales.txt"
558,"kalman_confianza_95_sigma",,"bus_subfactores_reales.txt"
559,"kalman_ganancia_K",,"bus_subfactores_reales.txt"
560,"kalman_tendencia_h",,"bus_subfactores_reales.txt"
561,"kalman_valor_predicho",,"bus_subfactores_reales.txt"
562,"latitud",,"bus_subfactores_reales.txt"
563,"latitud_estimada_radiacion",,"bus_subfactores_reales.txt"
564,"latitud_radianes",,"bus_subfactores_reales.txt"
565,"lcl_lawrence",,"bus_subfactores_reales.txt"
566,"level_free_convection_m",,"bus_subfactores_reales.txt"
567,"lfc",,"bus_subfactores_reales.txt"
568,"lifted_index",,"bus_subfactores_reales.txt"
569,"lifted_index_categoria",,"bus_subfactores_reales.txt"
570,"lifted_index_estable",,"bus_subfactores_reales.txt"
571,"lifted_index_inestable",,"bus_subfactores_reales.txt"
572,"lifted_index_muy_inestable",,"bus_subfactores_reales.txt"
573,"limite_cape",,"bus_subfactores_reales.txt"
574,"limite_energia",,"bus_subfactores_reales.txt"
575,"limite_estabilidad",,"bus_subfactores_reales.txt"
576,"limite_generico",,"bus_subfactores_reales.txt"
577,"limite_humedad_max",,"bus_subfactores_reales.txt"
578,"limite_humedad_min",,"bus_subfactores_reales.txt"
579,"limite_viento",,"bus_subfactores_reales.txt"
580,"limite_visibilidad",,"bus_subfactores_reales.txt"
581,"limite_zeta_max",,"bus_subfactores_reales.txt"
582,"limite_zeta_min",,"bus_subfactores_reales.txt"
583,"lluvia_fuerte",,"bus_subfactores_reales.txt"
584,"lluvia_ligera",,"bus_subfactores_reales.txt"
585,"lluvia_llovizna",,"bus_subfactores_reales.txt"
586,"lluvia_moderada",,"bus_subfactores_reales.txt"
587,"lluvia_muy_fuerte",,"bus_subfactores_reales.txt"
588,"lluvia_muy_ligera",,"bus_subfactores_reales.txt"
589,"lluvia_record_1_min",,"bus_subfactores_reales.txt"
590,"lluvia_torrencial",,"bus_subfactores_reales.txt"
591,"longitud",,"bus_subfactores_reales.txt"
592,"longitud_estimada_bruta",,"bus_subfactores_reales.txt"
593,"longitud_estimada_corregida",,"bus_subfactores_reales.txt"
594,"longitud_monin_obukhov_L",,"bus_subfactores_reales.txt"
595,"longitud_radianes",,"bus_subfactores_reales.txt"
596,"longitud_rugosidad_bosque",,"bus_subfactores_reales.txt"
597,"longitud_rugosidad_cesped",,"bus_subfactores_reales.txt"
598,"longitud_rugosidad_urbano",,"bus_subfactores_reales.txt"
599,"luz_oscuridad",,"bus_subfactores_reales.txt"
600,"luz_oscuridad_total",,"bus_subfactores_reales.txt"
601,"luz_penumbra",,"bus_subfactores_reales.txt"
602,"luz_tenue",,"bus_subfactores_reales.txt"
603,"lwc_contenido_agua_liquida_gm3",,"bus_subfactores_reales.txt"
604,"mae_temperatura",,"bus_subfactores_reales.txt"
605,"manifiesto_fecha_sellado",,"bus_subfactores_reales.txt"
606,"manifiesto_integridad_verificada",,"bus_subfactores_reales.txt"
607,"manifiesto_num_predicciones",,"bus_subfactores_reales.txt"
608,"manifiesto_predicciones_count",,"bus_subfactores_reales.txt"
609,"manifiesto_predicciones_sha256",,"bus_subfactores_reales.txt"
610,"manifiesto_predicciones_version",,"bus_subfactores_reales.txt"
611,"manifiesto_sha256",,"bus_subfactores_reales.txt"
612,"manifiesto_verificado",,"bus_subfactores_reales.txt"
613,"manifiesto_version",,"bus_subfactores_reales.txt"
614,"masa_aire_caracteristica",,"bus_subfactores_reales.txt"
615,"masa_aire_origen",,"bus_subfactores_reales.txt"
616,"masa_aire_tendencia",,"bus_subfactores_reales.txt"
617,"masa_aire_theta_e",,"bus_subfactores_reales.txt"
618,"masa_aire_tipo",,"bus_subfactores_reales.txt"
619,"masa_molar_agua",,"bus_subfactores_reales.txt"
620,"masa_molar_aire_seco",,"bus_subfactores_reales.txt"
621,"masa_molar_aire_seco_laplace",,"bus_subfactores_reales.txt"
622,"masa_molar_vapor",,"bus_subfactores_reales.txt"
623,"masa_molar_vapor_agua",,"bus_subfactores_reales.txt"
624,"masa_molar_vapor_laplace",,"bus_subfactores_reales.txt"
625,"masa_optica_kasten_young",,"bus_subfactores_reales.txt"
626,"maxima_temperatura_esperada_proximo_dia",,"bus_subfactores_reales.txt"
627,"maximo_historico_temperatura",,"bus_subfactores_reales.txt"
628,"media_historica_temperatura",,"bus_subfactores_reales.txt"
629,"media_movil_30dias_temperatura",,"bus_subfactores_reales.txt"
630,"media_movil_7dias_temperatura",,"bus_subfactores_reales.txt"
631,"mes",,"bus_subfactores_reales.txt"
632,"met_caminando_lento",,"bus_subfactores_reales.txt"
633,"met_caminando_rapido",,"bus_subfactores_reales.txt"
634,"met_de_pie",,"bus_subfactores_reales.txt"
635,"met_durmiendo",,"bus_subfactores_reales.txt"
636,"met_oficina",,"bus_subfactores_reales.txt"
637,"met_sentado",,"bus_subfactores_reales.txt"
638,"met_tasa_metabolica",,"bus_subfactores_reales.txt"
639,"meteoser_version",,"bus_subfactores_reales.txt"
640,"minima_temperatura_esperada_noche",,"bus_subfactores_reales.txt"
641,"minimo_historico_temperatura",,"bus_subfactores_reales.txt"
642,"minuto_local",,"bus_subfactores_reales.txt"
643,"minuto_utc",,"bus_subfactores_reales.txt"
644,"modo_operacion_sistema",,"bus_subfactores_reales.txt"
645,"moho_hr_critica_hormigon",,"bus_subfactores_reales.txt"
646,"moho_hr_critica_madera",,"bus_subfactores_reales.txt"
647,"moho_hr_critica_yeso",,"bus_subfactores_reales.txt"
648,"moho_temp_optima_crecimiento",,"bus_subfactores_reales.txt"
649,"moho_tiempo_critico",,"bus_subfactores_reales.txt"
650,"moho_vtt_alto_riesgo",,"bus_subfactores_reales.txt"
651,"moho_vtt_crecimiento_activo",,"bus_subfactores_reales.txt"
652,"moho_vtt_inicio_crecimiento",,"bus_subfactores_reales.txt"
653,"moho_vtt_sin_riesgo",,"bus_subfactores_reales.txt"
654,"monin_obukhov_L",,"bus_subfactores_reales.txt"
655,"monin_obukhov_cp",,"bus_subfactores_reales.txt"
656,"monin_obukhov_estabilidad",,"bus_subfactores_reales.txt"
657,"monin_obukhov_g",,"bus_subfactores_reales.txt"
658,"monin_obukhov_iteraciones",,"bus_subfactores_reales.txt"
659,"monin_obukhov_kappa",,"bus_subfactores_reales.txt"
660,"monin_obukhov_u_star",,"bus_subfactores_reales.txt"
661,"monin_obukhov_z0",,"bus_subfactores_reales.txt"
662,"monin_obukhov_zeta",,"bus_subfactores_reales.txt"
663,"mse_temperatura",,"bus_subfactores_reales.txt"
664,"necesita_calibracion_temperatura",,"bus_subfactores_reales.txt"
665,"necesita_riego",,"bus_subfactores_reales.txt"
666,"nieve_fuerte",,"bus_subfactores_reales.txt"
667,"nieve_ligera",,"bus_subfactores_reales.txt"
668,"nieve_moderada",,"bus_subfactores_reales.txt"
669,"nivel_condensacion_libre_m",,"bus_subfactores_reales.txt"
670,"nombre_dia_semana",,"bus_subfactores_reales.txt"
671,"nombre_fase_lunar",,"bus_subfactores_reales.txt"
672,"nombre_ubicacion",,"bus_subfactores_reales.txt"
673,"nubosidad_estimada_depresion",,"bus_subfactores_reales.txt"
674,"numero_avogadro",,"bus_subfactores_reales.txt"
675,"numero_reynolds_ala",,"bus_subfactores_reales.txt"
676,"numero_richardson",,"bus_subfactores_reales.txt"
677,"oblicuidad_ecliptica",,"bus_subfactores_reales.txt"
678,"offset_c_a_k",,"bus_subfactores_reales.txt"
679,"offset_f_a_c",,"bus_subfactores_reales.txt"
680,"opacidad_nube",,"bus_subfactores_reales.txt"
681,"optimo_ventilacion_natural",,"bus_subfactores_reales.txt"
682,"origen_coordenadas",,"bus_subfactores_reales.txt"
683,"outlier_general_detectado",,"bus_subfactores_reales.txt"
684,"outlier_humedad_detectado",,"bus_subfactores_reales.txt"
685,"outlier_presion_detectado",,"bus_subfactores_reales.txt"
686,"outlier_temperatura_detectado",,"bus_subfactores_reales.txt"
687,"ozono_columna_dobson_du",,"bus_subfactores_reales.txt"
688,"ozono_latitud_dependencia",,"bus_subfactores_reales.txt"
689,"ozono_variacion_A",,"bus_subfactores_reales.txt"
690,"ozono_variacion_B",,"bus_subfactores_reales.txt"
691,"ozono_variacion_C",,"bus_subfactores_reales.txt"
692,"page_k_secado_lento",,"bus_subfactores_reales.txt"
693,"page_k_secado_rapido",,"bus_subfactores_reales.txt"
694,"page_mr_equilibrio",,"bus_subfactores_reales.txt"
695,"page_mr_inicial",,"bus_subfactores_reales.txt"
696,"page_n_exponente",,"bus_subfactores_reales.txt"
697,"pais",,"bus_subfactores_reales.txt"
698,"parametro_estabilidad_zeta",,"bus_subfactores_reales.txt"
699,"pasquill_clase_a_muy_inestable",,"bus_subfactores_reales.txt"
700,"pasquill_clase_b_inestable",,"bus_subfactores_reales.txt"
701,"pasquill_clase_c_ligeramente_inestable",,"bus_subfactores_reales.txt"
702,"pasquill_clase_d_neutral",,"bus_subfactores_reales.txt"
703,"pasquill_clase_e_estable",,"bus_subfactores_reales.txt"
704,"pasquill_clase_f_muy_estable",,"bus_subfactores_reales.txt"
705,"pasquill_sigma_y_a",,"bus_subfactores_reales.txt"
706,"pasquill_sigma_z_a",,"bus_subfactores_reales.txt"
707,"pendiente_clausius_clapeyron",,"bus_subfactores_reales.txt"
708,"pendiente_curva_presion_vapor",,"bus_subfactores_reales.txt"
709,"pendiente_presion_vapor_delta",,"bus_subfactores_reales.txt"
710,"percentil_10_temperatura",,"bus_subfactores_reales.txt"
711,"percentil_25_temperatura",,"bus_subfactores_reales.txt"
712,"percentil_50_temperatura_mediana",,"bus_subfactores_reales.txt"
713,"percentil_75_temperatura",,"bus_subfactores_reales.txt"
714,"percentil_90_temperatura",,"bus_subfactores_reales.txt"
715,"percentil_95_temperatura",,"bus_subfactores_reales.txt"
716,"percentil_99_temperatura",,"bus_subfactores_reales.txt"
717,"percentil_actual_temperatura",,"bus_subfactores_reales.txt"
718,"perdida_calor_conveccion",,"bus_subfactores_reales.txt"
719,"perdida_calor_difusion_piel",,"bus_subfactores_reales.txt"
720,"perdida_calor_radiacion",,"bus_subfactores_reales.txt"
721,"perdida_calor_respiracion_latente",,"bus_subfactores_reales.txt"
722,"perdida_calor_respiracion_sensible",,"bus_subfactores_reales.txt"
723,"perdida_calor_sudoracion",,"bus_subfactores_reales.txt"
724,"perdida_conveccion_W",,"bus_subfactores_reales.txt"
725,"perdida_evaporacion_W",,"bus_subfactores_reales.txt"
726,"perdida_radiacion_W",,"bus_subfactores_reales.txt"
727,"perdida_temperatura_panel",,"bus_subfactores_reales.txt"
728,"performance_ratio_fotovoltaica",,"bus_subfactores_reales.txt"
729,"periodo_oscilacion_buoyancia",,"bus_subfactores_reales.txt"
730,"persistencia_termica_dias",,"bus_subfactores_reales.txt"
731,"physics_engine_version",,"bus_subfactores_reales.txt"
732,"pm10_buena",,"bus_subfactores_reales.txt"
733,"pm10_excelente",,"bus_subfactores_reales.txt"
734,"pm10_moderada",,"bus_subfactores_reales.txt"
735,"pm10_muy_pobre",,"bus_subfactores_reales.txt"
736,"pm10_nivel",,"bus_subfactores_reales.txt"
737,"pm10_pobre",,"bus_subfactores_reales.txt"
738,"pm25_buena",,"bus_subfactores_reales.txt"
739,"pm25_excelente",,"bus_subfactores_reales.txt"
740,"pm25_extremadamente_pobre",,"bus_subfactores_reales.txt"
741,"pm25_moderada",,"bus_subfactores_reales.txt"
742,"pm25_muy_pobre",,"bus_subfactores_reales.txt"
743,"pm25_nivel",,"bus_subfactores_reales.txt"
744,"pm25_pobre",,"bus_subfactores_reales.txt"
745,"pmv_calido",,"bus_subfactores_reales.txt"
746,"pmv_caluroso",,"bus_subfactores_reales.txt"
747,"pmv_categoria",,"bus_subfactores_reales.txt"
748,"pmv_fanger",,"bus_subfactores_reales.txt"
749,"pmv_fresco",,"bus_subfactores_reales.txt"
750,"pmv_frio",,"bus_subfactores_reales.txt"
751,"pmv_muy_caluroso",,"bus_subfactores_reales.txt"
752,"pmv_muy_frio",,"bus_subfactores_reales.txt"
753,"pmv_neutral",,"bus_subfactores_reales.txt"
754,"potencia_eolica_estimada",,"bus_subfactores_reales.txt"
755,"potencia_inducida_W",,"bus_subfactores_reales.txt"
756,"potencia_parasita_W",,"bus_subfactores_reales.txt"
757,"potencia_requerida_vuelo_W",,"bus_subfactores_reales.txt"
758,"potencia_solar_instantanea",,"bus_subfactores_reales.txt"
759,"potencial_enfriamiento_natural",,"bus_subfactores_reales.txt"
760,"potencial_mezcla",,"bus_subfactores_reales.txt"
761,"ppd_fanger",,"bus_subfactores_reales.txt"
762,"ppd_fanger_pct",,"bus_subfactores_reales.txt"
763,"precision_actual_temperatura",,"bus_subfactores_reales.txt"
764,"precision_nominal_temperatura",,"bus_subfactores_reales.txt"
765,"presion_aire_seco",,"bus_subfactores_reales.txt"
766,"presion_critica_agua",,"bus_subfactores_reales.txt"
767,"presion_everest",,"bus_subfactores_reales.txt"
768,"presion_nivel_mar",,"bus_subfactores_reales.txt"
769,"presion_nivel_mar_calculada",,"bus_subfactores_reales.txt"
770,"presion_parcial_vapor_critica",,"bus_subfactores_reales.txt"
771,"presion_raw",,"bus_subfactores_reales.txt"
772,"presion_record_alto",,"bus_subfactores_reales.txt"
773,"presion_record_bajo",,"bus_subfactores_reales.txt"
774,"presion_referencia_psicrometria",,"bus_subfactores_reales.txt"
775,"presion_saturacion_vapor_magnus",,"bus_subfactores_reales.txt"
776,"presion_vapor_actual",,"bus_subfactores_reales.txt"
777,"presion_vapor_saturacion",,"bus_subfactores_reales.txt"
778,"probabilidad_calor_extremo_proximo_dia",,"bus_subfactores_reales.txt"
779,"probabilidad_helada_proxima_noche",,"bus_subfactores_reales.txt"
780,"probabilidad_lluvia_continua_proxima_6h",,"bus_subfactores_reales.txt"
781,"probabilidad_lluvia_proxima_24h",,"bus_subfactores_reales.txt"
782,"probabilidad_tormenta_severa",,"bus_subfactores_reales.txt"
783,"produccion_metabolica_W",,"bus_subfactores_reales.txt"
784,"punto_rocio",,"bus_subfactores_reales.txt"
785,"radiacion_cielo_despejado",,"bus_subfactores_reales.txt"
786,"radiacion_cielo_nublado",,"bus_subfactores_reales.txt"
787,"radiacion_cielo_parcial",,"bus_subfactores_reales.txt"
788,"radiacion_constante_solar",,"bus_subfactores_reales.txt"
789,"radiacion_extraterrestre",,"bus_subfactores_reales.txt"
790,"radiacion_extraterrestre_wm2",,"bus_subfactores_reales.txt"
791,"radiacion_infrarroja_neta_globo_W",,"bus_subfactores_reales.txt"
792,"radiacion_neta_onda_corta",,"bus_subfactores_reales.txt"
793,"radiacion_neta_onda_larga",,"bus_subfactores_reales.txt"
794,"radiacion_neta_total",,"bus_subfactores_reales.txt"
795,"radiacion_nocturna",,"bus_subfactores_reales.txt"
796,"radiacion_pico_detectada",,"bus_subfactores_reales.txt"
797,"radiacion_raw",,"bus_subfactores_reales.txt"
798,"radiacion_solar_absorbida_globo_W",,"bus_subfactores_reales.txt"
799,"radio_medio_tierra",,"bus_subfactores_reales.txt"
800,"radio_tierra_ecuatorial",,"bus_subfactores_reales.txt"
801,"radio_tierra_polar",,"bus_subfactores_reales.txt"
802,"rango_historico_temperatura",,"bus_subfactores_reales.txt"
803,"rango_intercuartil_temperatura",,"bus_subfactores_reales.txt"
804,"ratio_masas_moleculares",,"bus_subfactores_reales.txt"
805,"ratio_precipitacion_temperatura",,"bus_subfactores_reales.txt"
806,"ratio_temperatura_sutherland",,"bus_subfactores_reales.txt"
807,"razon_mezcla_saturacion",,"bus_subfactores_reales.txt"
808,"recomendacion_moho",,"bus_subfactores_reales.txt"
809,"recomendacion_ventilacion",,"bus_subfactores_reales.txt"
810,"recurso_eolico",,"bus_subfactores_reales.txt"
811,"refraccion_atmosferica",,"bus_subfactores_reales.txt"
812,"rendimiento_panel_solar",,"bus_subfactores_reales.txt"
813,"rendimiento_solar_relativo",,"bus_subfactores_reales.txt"
814,"renovaciones_hora_ach",,"bus_subfactores_reales.txt"
815,"resistencia_aerodinamica",,"bus_subfactores_reales.txt"
816,"resistencia_aerodinamica_ra",,"bus_subfactores_reales.txt"
817,"resistencia_estomatal_cultivo_ref",,"bus_subfactores_reales.txt"
818,"resistencia_estomatal_rs",,"bus_subfactores_reales.txt"
819,"resuspension_viento_factor",,"bus_subfactores_reales.txt"
820,"richardson_Ri",,"bus_subfactores_reales.txt"
821,"richardson_bulk_Ri_B",,"bus_subfactores_reales.txt"
822,"richardson_estabilidad",,"bus_subfactores_reales.txt"
823,"richardson_estable",,"bus_subfactores_reales.txt"
824,"richardson_inestable",,"bus_subfactores_reales.txt"
825,"richardson_muy_inestable",,"bus_subfactores_reales.txt"
826,"richardson_neutral",,"bus_subfactores_reales.txt"
827,"richardson_number",,"bus_subfactores_reales.txt"
828,"riesgo_calor",,"bus_subfactores_reales.txt"
829,"riesgo_condensacion_ventanas",,"bus_subfactores_reales.txt"
830,"riesgo_frio",,"bus_subfactores_reales.txt"
831,"riesgo_helada",,"bus_subfactores_reales.txt"
832,"riesgo_inversion_termica",,"bus_subfactores_reales.txt"
833,"riesgo_moho",,"bus_subfactores_reales.txt"
834,"riesgo_moho_activo",,"bus_subfactores_reales.txt"
835,"riesgo_moho_pct",,"bus_subfactores_reales.txt"
836,"riesgo_niebla_gultepe_pct",,"bus_subfactores_reales.txt"
837,"riesgo_plagas_agricolas",,"bus_subfactores_reales.txt"
838,"riesgo_tormenta",,"bus_subfactores_reales.txt"
839,"rmse_temperatura",,"bus_subfactores_reales.txt"
840,"romps_condensacion",,"bus_subfactores_reales.txt"
841,"romps_lcl",,"bus_subfactores_reales.txt"
842,"romps_nubosidad",,"bus_subfactores_reales.txt"
843,"romps_rh_critica",,"bus_subfactores_reales.txt"
844,"rugosidad_superficie",,"bus_subfactores_reales.txt"
845,"rugosidad_termica_z0h",,"bus_subfactores_reales.txt"
846,"ruido_moderado",,"bus_subfactores_reales.txt"
847,"ruido_molesto",,"bus_subfactores_reales.txt"
848,"ruido_muy_silencioso",,"bus_subfactores_reales.txt"
849,"ruido_silencio_absoluto",,"bus_subfactores_reales.txt"
850,"ruido_silencioso",,"bus_subfactores_reales.txt"
851,"salud_edificio_aceptable",,"bus_subfactores_reales.txt"
852,"salud_edificio_buena",,"bus_subfactores_reales.txt"
853,"salud_edificio_excelente",,"bus_subfactores_reales.txt"
854,"salud_edificio_mala",,"bus_subfactores_reales.txt"
855,"salud_edificio_muy_buena",,"bus_subfactores_reales.txt"
856,"salud_edificio_pobre",,"bus_subfactores_reales.txt"
857,"saturacion_vapor_elite",,"bus_subfactores_reales.txt"
858,"saturacion_vapor_elite_hpa",,"bus_subfactores_reales.txt"
859,"score_inercia_termica",,"bus_subfactores_reales.txt"
860,"secciones_totales",,"bus_subfactores_reales.txt"
861,"seeing_arcsec",,"bus_subfactores_reales.txt"
862,"seeing_categoria",,"bus_subfactores_reales.txt"
863,"seeing_termico",,"bus_subfactores_reales.txt"
864,"segundo_utc",,"bus_subfactores_reales.txt"
865,"semana_del_ano",,"bus_subfactores_reales.txt"
866,"seno_elevacion_solar",,"bus_subfactores_reales.txt"
867,"sensacion_termica_cetrera",,"bus_subfactores_reales.txt"
868,"sensibilidad_material",,"bus_subfactores_reales.txt"
869,"sequia_componente_hr",,"bus_subfactores_reales.txt"
870,"sequia_componente_temp",,"bus_subfactores_reales.txt"
871,"sequia_componente_vpd",,"bus_subfactores_reales.txt"
872,"severidad_estimada_tormenta",,"bus_subfactores_reales.txt"
873,"spread_700hpa",,"bus_subfactores_reales.txt"
874,"stefan_boltzmann_fao56",,"bus_subfactores_reales.txt"
875,"stefan_boltzmann_si",,"bus_subfactores_reales.txt"
876,"suelo_capacidad_campo",,"bus_subfactores_reales.txt"
877,"suelo_marchitez_permanente",,"bus_subfactores_reales.txt"
878,"suelo_punto_marchitez",,"bus_subfactores_reales.txt"
879,"suelo_saturacion",,"bus_subfactores_reales.txt"
880,"suma_termica_anual",,"bus_subfactores_reales.txt"
881,"supresion_humedad_factor",,"bus_subfactores_reales.txt"
882,"tasa_enfriamiento_estimada",,"bus_subfactores_reales.txt"
883,"tau_wagner",,"bus_subfactores_reales.txt"
884,"temp_500hpa_c",,"bus_subfactores_reales.txt"
885,"temp_700hpa_c",,"bus_subfactores_reales.txt"
886,"temp_850hpa_c",,"bus_subfactores_reales.txt"
887,"temp_absoluta_cero",,"bus_subfactores_reales.txt"
888,"temp_adiabatica_1000m",,"bus_subfactores_reales.txt"
889,"temp_adiabatica_2000m",,"bus_subfactores_reales.txt"
890,"temp_maxima_superficie_tierra",,"bus_subfactores_reales.txt"
891,"temp_minima_superficie_tierra",,"bus_subfactores_reales.txt"
892,"temp_punto_ebullicion_agua",,"bus_subfactores_reales.txt"
893,"temp_punto_triple_agua",,"bus_subfactores_reales.txt"
894,"temp_referencia_psicrometria",,"bus_subfactores_reales.txt"
895,"temperatura_100m_c",,"bus_subfactores_reales.txt"
896,"temperatura_aparente",,"bus_subfactores_reales.txt"
897,"temperatura_bulbo_humedo_natural_Tnwb",,"bus_subfactores_reales.txt"
898,"temperatura_condensacion_K",,"bus_subfactores_reales.txt"
899,"temperatura_confort_neutral_ashrae",,"bus_subfactores_reales.txt"
900,"temperatura_critica_agua",,"bus_subfactores_reales.txt"
901,"temperatura_diamond",,"bus_subfactores_reales.txt"
902,"temperatura_globo_negro_Tg",,"bus_subfactores_reales.txt"
903,"temperatura_kelvin",,"bus_subfactores_reales.txt"
904,"temperatura_maxima_dia",,"bus_subfactores_reales.txt"
905,"temperatura_media_ciclo",,"bus_subfactores_reales.txt"
906,"temperatura_minima_dia",,"bus_subfactores_reales.txt"
907,"temperatura_nivel_mar_isa",,"bus_subfactores_reales.txt"
908,"temperatura_operativa",,"bus_subfactores_reales.txt"
909,"temperatura_operativa_ashrae",,"bus_subfactores_reales.txt"
910,"temperatura_parcela_500hpa",,"bus_subfactores_reales.txt"
911,"temperatura_piel_estimada_K",,"bus_subfactores_reales.txt"
912,"temperatura_punto_rocio_exterior",,"bus_subfactores_reales.txt"
913,"temperatura_radiante_media",,"bus_subfactores_reales.txt"
914,"temperatura_raw",,"bus_subfactores_reales.txt"
915,"temperatura_running_mean_exterior",,"bus_subfactores_reales.txt"
916,"temperatura_suelo_extrapolada",,"bus_subfactores_reales.txt"
917,"temperatura_superficie_ropa_tcl",,"bus_subfactores_reales.txt"
918,"temperatura_virtual",,"bus_subfactores_reales.txt"
919,"temperatura_virtual_correccion",,"bus_subfactores_reales.txt"
920,"temperatura_virtual_corregida",,"bus_subfactores_reales.txt"
921,"temperatura_virtual_laplace",,"bus_subfactores_reales.txt"
922,"tendencia_humedad_1h",,"bus_subfactores_reales.txt"
923,"tendencia_humedad_3h",,"bus_subfactores_reales.txt"
924,"tendencia_humedad_suelo",,"bus_subfactores_reales.txt"
925,"tendencia_presion",,"bus_subfactores_reales.txt"
926,"tendencia_presion_1h",,"bus_subfactores_reales.txt"
927,"tendencia_presion_3h",,"bus_subfactores_reales.txt"
928,"tendencia_radiacion",,"bus_subfactores_reales.txt"
929,"tendencia_temperatura_1h",,"bus_subfactores_reales.txt"
930,"tendencia_temperatura_3h",,"bus_subfactores_reales.txt"
931,"tendencia_transmitancia",,"bus_subfactores_reales.txt"
932,"tendencia_viento",,"bus_subfactores_reales.txt"
933,"thi_ganado",,"bus_subfactores_reales.txt"
934,"threshold_z_score_outlier",,"bus_subfactores_reales.txt"
935,"tiempo_critico_moho_dias",,"bus_subfactores_reales.txt"
936,"tiempo_limpieza_aire",,"bus_subfactores_reales.txt"
937,"tiempo_llegada_tormenta_min",,"bus_subfactores_reales.txt"
938,"timestamp_publicacion_bus",,"bus_subfactores_reales.txt"
939,"timestamp_unix",,"bus_subfactores_reales.txt"
940,"timestamp_utc",,"bus_subfactores_reales.txt"
941,"timezone",,"bus_subfactores_reales.txt"
942,"tipo_aerosol",,"bus_subfactores_reales.txt"
943,"tipo_cobertura_suelo",,"bus_subfactores_reales.txt"
944,"tipo_nube_identificado",,"bus_subfactores_reales.txt"
945,"tope_cape_max",,"bus_subfactores_reales.txt"
946,"tope_cape_min",,"bus_subfactores_reales.txt"
947,"tope_energia_max",,"bus_subfactores_reales.txt"
948,"tope_energia_min",,"bus_subfactores_reales.txt"
949,"tope_estabilidad_max",,"bus_subfactores_reales.txt"
950,"tope_estabilidad_min",,"bus_subfactores_reales.txt"
951,"tope_humedad_max",,"bus_subfactores_reales.txt"
952,"tope_humedad_min",,"bus_subfactores_reales.txt"
953,"tope_indice_generico_max",,"bus_subfactores_reales.txt"
954,"tope_indice_generico_min",,"bus_subfactores_reales.txt"
955,"tope_presion_max",,"bus_subfactores_reales.txt"
956,"tope_presion_min",,"bus_subfactores_reales.txt"
957,"tope_radiacion_max",,"bus_subfactores_reales.txt"
958,"tope_radiacion_min",,"bus_subfactores_reales.txt"
959,"tope_temperatura_max",,"bus_subfactores_reales.txt"
960,"tope_temperatura_min",,"bus_subfactores_reales.txt"
961,"tope_viento_max",,"bus_subfactores_reales.txt"
962,"tope_viento_min",,"bus_subfactores_reales.txt"
963,"tope_zeta_max",,"bus_subfactores_reales.txt"
964,"tope_zeta_min",,"bus_subfactores_reales.txt"
965,"transmitancia_aerosoles_uv",,"bus_subfactores_reales.txt"
966,"transmitancia_atmosferica",,"bus_subfactores_reales.txt"
967,"transmitancia_termica_media_edificio",,"bus_subfactores_reales.txt"
968,"turbidez_linke_aire_contaminado",,"bus_subfactores_reales.txt"
969,"turbidez_linke_aire_industrial",,"bus_subfactores_reales.txt"
970,"turbidez_linke_aire_limpio",,"bus_subfactores_reales.txt"
971,"turbidez_linke_aire_puro",,"bus_subfactores_reales.txt"
972,"turbulencia_kolmogorov_L0",,"bus_subfactores_reales.txt"
973,"umbral_alerta_tormenta",,"bus_subfactores_reales.txt"
974,"umbral_calor",,"bus_subfactores_reales.txt"
975,"umbral_calor_extremo",,"bus_subfactores_reales.txt"
976,"umbral_frio",,"bus_subfactores_reales.txt"
977,"umbral_frio_extremo",,"bus_subfactores_reales.txt"
978,"umbral_helada",,"bus_subfactores_reales.txt"
979,"umbral_presion_baja",,"bus_subfactores_reales.txt"
980,"umbral_rachas_peligrosas",,"bus_subfactores_reales.txt"
981,"urgencia_riego",,"bus_subfactores_reales.txt"
982,"urgencia_ventilacion",,"bus_subfactores_reales.txt"
983,"utci",,"bus_subfactores_reales.txt"
984,"utci_categoria_estrés",,"bus_subfactores_reales.txt"
985,"utci_delta_radiante_max",,"bus_subfactores_reales.txt"
986,"utci_delta_radiante_min",,"bus_subfactores_reales.txt"
987,"utci_estres_calor_extremo",,"bus_subfactores_reales.txt"
988,"utci_estres_calor_fuerte",,"bus_subfactores_reales.txt"
989,"utci_estres_calor_moderado",,"bus_subfactores_reales.txt"
990,"utci_estres_calor_muy_fuerte",,"bus_subfactores_reales.txt"
991,"utci_estres_frio_extremo",,"bus_subfactores_reales.txt"
992,"utci_estres_frio_fuerte",,"bus_subfactores_reales.txt"
993,"utci_estres_frio_moderado",,"bus_subfactores_reales.txt"
994,"utci_estres_frio_muy_fuerte",,"bus_subfactores_reales.txt"
995,"utci_polynomial",,"bus_subfactores_reales.txt"
996,"utci_sin_estres_termico",,"bus_subfactores_reales.txt"
997,"utci_temp_max",,"bus_subfactores_reales.txt"
998,"utci_temp_min",,"bus_subfactores_reales.txt"
999,"utci_viento_max",,"bus_subfactores_reales.txt"
1000,"utci_viento_min",,"bus_subfactores_reales.txt"
1001,"utci_vp_max",,"bus_subfactores_reales.txt"
1002,"utci_vp_min",,"bus_subfactores_reales.txt"
1003,"uv_alto",,"bus_subfactores_reales.txt"
1004,"uv_bajo",,"bus_subfactores_reales.txt"
1005,"uv_extremo",,"bus_subfactores_reales.txt"
1006,"uv_moderado",,"bus_subfactores_reales.txt"
1007,"uv_muy_alto",,"bus_subfactores_reales.txt"
1008,"variabilidad_presion_3h",,"bus_subfactores_reales.txt"
1009,"varianza_temperatura",,"bus_subfactores_reales.txt"
1010,"velocidad_corte_entrada",,"bus_subfactores_reales.txt"
1011,"velocidad_corte_salida",,"bus_subfactores_reales.txt"
1012,"velocidad_evaporacion",,"bus_subfactores_reales.txt"
1013,"velocidad_friccion",,"bus_subfactores_reales.txt"
1014,"velocidad_friccion_ustar",,"bus_subfactores_reales.txt"
1015,"velocidad_luz",,"bus_subfactores_reales.txt"
1016,"velocidad_luz_vacio",,"bus_subfactores_reales.txt"
1017,"velocidad_nominal_turbina",,"bus_subfactores_reales.txt"
1018,"velocidad_optima_vuelo_ms",,"bus_subfactores_reales.txt"
1019,"velocidad_rachas_detectada",,"bus_subfactores_reales.txt"
1020,"velocidad_rotacion_tierra",,"bus_subfactores_reales.txt"
1021,"velocidad_sonido_ms",,"bus_subfactores_reales.txt"
1022,"velocidad_stall_ms",,"bus_subfactores_reales.txt"
1023,"velocidad_ventilacion_bernoulli",,"bus_subfactores_reales.txt"
1024,"ventana_deteccion_anomalias",,"bus_subfactores_reales.txt"
1025,"ventilacion_ACH_renovaciones_h",,"bus_subfactores_reales.txt"
1026,"ventilacion_adecuada",,"bus_subfactores_reales.txt"
1027,"ventilacion_caudal_ls",,"bus_subfactores_reales.txt"
1028,"ventilacion_ideal_co2",,"bus_subfactores_reales.txt"
1029,"ventilacion_ideal_humedad",,"bus_subfactores_reales.txt"
1030,"ventilacion_ideal_temp",,"bus_subfactores_reales.txt"
1031,"viento_100m_ms",,"bus_subfactores_reales.txt"
1032,"viento_ajustado_10m",,"bus_subfactores_reales.txt"
1033,"viento_brisa_ligera",,"bus_subfactores_reales.txt"
1034,"viento_brisa_moderada",,"bus_subfactores_reales.txt"
1035,"viento_calma",,"bus_subfactores_reales.txt"
1036,"viento_cetreria_score",,"bus_subfactores_reales.txt"
1037,"viento_componente_favorable_ms",,"bus_subfactores_reales.txt"
1038,"viento_huracan_cat1",,"bus_subfactores_reales.txt"
1039,"viento_huracan_cat5",,"bus_subfactores_reales.txt"
1040,"viento_optimo_cetreria",,"bus_subfactores_reales.txt"
1041,"viento_raw",,"bus_subfactores_reales.txt"
1042,"viento_record_mundial",,"bus_subfactores_reales.txt"
1043,"viento_temporal",,"bus_subfactores_reales.txt"
1044,"viento_vendaval",,"bus_subfactores_reales.txt"
1045,"viento_viento_fuerte",,"bus_subfactores_reales.txt"
1046,"virial_b11_coef",,"bus_subfactores_reales.txt"
1047,"virial_b12_coef",,"bus_subfactores_reales.txt"
1048,"virial_b22_coef",,"bus_subfactores_reales.txt"
1049,"viscosidad_referencia",,"bus_subfactores_reales.txt"
1050,"viscosidad_sutherland",,"bus_subfactores_reales.txt"
1051,"visibilidad_buena",,"bus_subfactores_reales.txt"
1052,"visibilidad_categoria",,"bus_subfactores_reales.txt"
1053,"visibilidad_cetreria_score",,"bus_subfactores_reales.txt"
1054,"visibilidad_excelente",,"bus_subfactores_reales.txt"
1055,"visibilidad_gultepe_m",,"bus_subfactores_reales.txt"
1056,"visibilidad_kasten_hanel_km",,"bus_subfactores_reales.txt"
1057,"visibilidad_km",,"bus_subfactores_reales.txt"
1058,"visibilidad_kneizys_km",,"bus_subfactores_reales.txt"
1059,"visibilidad_m",,"bus_subfactores_reales.txt"
1060,"visibilidad_minima_cetreria",,"bus_subfactores_reales.txt"
1061,"visibilidad_moderada",,"bus_subfactores_reales.txt"
1062,"visibilidad_muy_buena",,"bus_subfactores_reales.txt"
1063,"visibilidad_niebla",,"bus_subfactores_reales.txt"
1064,"visibilidad_pobre",,"bus_subfactores_reales.txt"
1065,"vpd",,"bus_subfactores_reales.txt"
1066,"vpd_pa",,"bus_subfactores_reales.txt"
1067,"vtt_hr_critica",,"bus_subfactores_reales.txt"
1068,"vtt_indice_moho",,"bus_subfactores_reales.txt"
1069,"vtt_riesgo_moho",,"bus_subfactores_reales.txt"
1070,"wbgt",,"bus_subfactores_reales.txt"
1071,"wbgt_absorptivity_globe",,"bus_subfactores_reales.txt"
1072,"wbgt_componente_bulbo_humedo",,"bus_subfactores_reales.txt"
1073,"wbgt_componente_globo",,"bus_subfactores_reales.txt"
1074,"wbgt_diameter_globe",,"bus_subfactores_reales.txt"
1075,"wbgt_diameter_wick",,"bus_subfactores_reales.txt"
1076,"wbgt_emis_globe",,"bus_subfactores_reales.txt"
1077,"wbgt_emis_wick",,"bus_subfactores_reales.txt"
1078,"wbgt_estres_alto",,"bus_subfactores_reales.txt"
1079,"wbgt_estres_bajo",,"bus_subfactores_reales.txt"
1080,"wbgt_estres_extremo",,"bus_subfactores_reales.txt"
1081,"wbgt_estres_moderado",,"bus_subfactores_reales.txt"
1082,"wbgt_indoor",,"bus_subfactores_reales.txt"
1083,"wbgt_liljegren",,"bus_subfactores_reales.txt"
1084,"wbgt_liljegren_c",,"bus_subfactores_reales.txt"
1085,"wbgt_peso_ta_outdoor",,"bus_subfactores_reales.txt"
1086,"wbgt_peso_tg_indoor",,"bus_subfactores_reales.txt"
1087,"wbgt_peso_tg_outdoor",,"bus_subfactores_reales.txt"
1088,"wbgt_peso_tnwb_indoor",,"bus_subfactores_reales.txt"
1089,"wbgt_peso_tnwb_outdoor",,"bus_subfactores_reales.txt"
1090,"wbgt_sigma_stefan_boltzmann",,"bus_subfactores_reales.txt"
1091,"wbgt_sin_estres",,"bus_subfactores_reales.txt"
1092,"wbgt_ta_component",,"bus_subfactores_reales.txt"
1093,"wbgt_tg",,"bus_subfactores_reales.txt"
1094,"wbgt_tnwb",,"bus_subfactores_reales.txt"
1095,"wexler_coef_g0_agua",,"bus_subfactores_reales.txt"
1096,"wexler_coef_g0_hielo",,"bus_subfactores_reales.txt"
1097,"wexler_coef_g1_agua",,"bus_subfactores_reales.txt"
1098,"wexler_coef_g1_hielo",,"bus_subfactores_reales.txt"
1099,"wexler_coef_g2_agua",,"bus_subfactores_reales.txt"
1100,"wexler_coef_g3_agua",,"bus_subfactores_reales.txt"
1101,"wexler_coef_g4_agua",,"bus_subfactores_reales.txt"
1102,"wexler_coef_g5_agua",,"bus_subfactores_reales.txt"
1103,"wexler_coef_g6_agua",,"bus_subfactores_reales.txt"
1104,"wexler_coef_g7_agua",,"bus_subfactores_reales.txt"
1105,"wexler_convergencia_tipica",,"bus_subfactores_reales.txt"
1106,"wexler_error_tipico",,"bus_subfactores_reales.txt"
1107,"wexler_g0_agua",,"bus_subfactores_reales.txt"
1108,"wexler_g1_agua",,"bus_subfactores_reales.txt"
1109,"wexler_g2_agua",,"bus_subfactores_reales.txt"
1110,"wexler_g3_agua",,"bus_subfactores_reales.txt"
1111,"wexler_g4_agua",,"bus_subfactores_reales.txt"
1112,"wexler_g5_agua",,"bus_subfactores_reales.txt"
1113,"wexler_g6_agua",,"bus_subfactores_reales.txt"
1114,"wexler_g7_agua",,"bus_subfactores_reales.txt"
1115,"wexler_k0_hielo",,"bus_subfactores_reales.txt"
1116,"wexler_k1_hielo",,"bus_subfactores_reales.txt"
1117,"wexler_k2_hielo",,"bus_subfactores_reales.txt"
1118,"wexler_k3_hielo",,"bus_subfactores_reales.txt"
1119,"wexler_k4_hielo",,"bus_subfactores_reales.txt"
1120,"wexler_k5_hielo",,"bus_subfactores_reales.txt"
1121,"wexler_max_iteraciones",,"bus_subfactores_reales.txt"
1122,"wexler_rango_validez_max",,"bus_subfactores_reales.txt"
1123,"wexler_rango_validez_min",,"bus_subfactores_reales.txt"
1124,"wexler_tolerancia_convergencia",,"bus_subfactores_reales.txt"
1125,"wind_chill",,"bus_subfactores_reales.txt"
1126,"windchill_componente_interaccion",,"bus_subfactores_reales.txt"
1127,"windchill_componente_temp",,"bus_subfactores_reales.txt"
1128,"windchill_componente_viento",,"bus_subfactores_reales.txt"
1129,"z0_agua_mar_calma",,"bus_subfactores_reales.txt"
1130,"z0_bosque",,"bus_subfactores_reales.txt"
1131,"z0_cesped_corto",,"bus_subfactores_reales.txt"
1132,"z0_ciudad",,"bus_subfactores_reales.txt"
1133,"z0_cultivo_bajo",,"bus_subfactores_reales.txt"
1134,"z_score_humedad",,"bus_subfactores_reales.txt"
1135,"z_score_presion",,"bus_subfactores_reales.txt"
1136,"z_score_temperatura",,"bus_subfactores_reales.txt"
