name,is_duplicated,cluster_id,cluster_members
aceleracion_temperatura,False,,
aceleracion_viento,False,,
ach_minimo_dormitorio,False,,
ach_recomendado_bano,True,3,ach_recomendado_bano;ach_recomendado_cocina;ach_recomendado_salon
ach_recomendado_cocina,True,3,ach_recomendado_bano;ach_recomendado_cocina;ach_recomendado_salon
ach_recomendado_dormitorio,False,,
ach_recomendado_salon,True,3,ach_recomendado_bano;ach_recomendado_cocina;ach_recomendado_salon
actividad_rayos_proxima,False,,
airmass_correccion_presion,False,,
albedo_agua,False,,
albedo_base_cobertura,False,,
albedo_cesped,False,,
albedo_cultivo_verde,False,,
albedo_dinamico,False,,
albedo_nieve_fresca,False,,
albedo_nieve_vieja,False,,
albedo_suelo_desnudo,False,,
albedo_superficie,False,,
alerta_calor_activa,True,38,alerta_calor_activa;alerta_frio_activa;alerta_polvo_activa;alerta_rachas_activa;alerta_rayos_activa
alerta_calor_componente_humedad,True,19,alerta_calor_componente_humedad;alerta_calor_componente_uv;alerta_tormenta_componente_humedad;alerta_tormenta_componente_presion;alerta_tormenta_componente_radiacion
alerta_calor_componente_temperatura,True,20,alerta_calor_componente_temperatura;alerta_frio_componente_temperatura
alerta_calor_componente_uv,True,19,alerta_calor_componente_humedad;alerta_calor_componente_uv;alerta_tormenta_componente_humedad;alerta_tormenta_componente_presion;alerta_tormenta_componente_radiacion
alerta_calor_extremo_score,True,22,alerta_calor_extremo_score;alerta_frio_extremo_score
alerta_frio_activa,True,38,alerta_calor_activa;alerta_frio_activa;alerta_polvo_activa;alerta_rachas_activa;alerta_rayos_activa
alerta_frio_componente_temperatura,True,20,alerta_calor_componente_temperatura;alerta_frio_componente_temperatura
alerta_frio_componente_viento,True,33,alerta_frio_componente_viento;alerta_polvo_componente_pm10;alerta_polvo_componente_pm25;alerta_polvo_componente_viento
alerta_frio_extremo_score,True,22,alerta_calor_extremo_score;alerta_frio_extremo_score
alerta_helada_radiativa_activa,True,27,alerta_helada_radiativa_activa;alerta_helada_radiativa_score
alerta_helada_radiativa_score,True,27,alerta_helada_radiativa_activa;alerta_helada_radiativa_score
alerta_niebla_activa,False,,
alerta_niebla_diferencial_td,False,,
alerta_niebla_score,False,,
alerta_polvo_activa,True,38,alerta_calor_activa;alerta_frio_activa;alerta_polvo_activa;alerta_rachas_activa;alerta_rayos_activa
alerta_polvo_componente_pm10,True,33,alerta_frio_componente_viento;alerta_polvo_componente_pm10;alerta_polvo_componente_pm25;alerta_polvo_componente_viento
alerta_polvo_componente_pm25,True,33,alerta_frio_componente_viento;alerta_polvo_componente_pm10;alerta_polvo_componente_pm25;alerta_polvo_componente_viento
alerta_polvo_componente_viento,True,33,alerta_frio_componente_viento;alerta_polvo_componente_pm10;alerta_polvo_componente_pm25;alerta_polvo_componente_viento
alerta_polvo_draxler_score,False,,
alerta_polvo_score,False,,
alerta_rachas_activa,True,38,alerta_calor_activa;alerta_frio_activa;alerta_polvo_activa;alerta_rachas_activa;alerta_rayos_activa
alerta_rachas_peligrosas_score,False,,
alerta_rayos_activa,True,38,alerta_calor_activa;alerta_frio_activa;alerta_polvo_activa;alerta_rachas_activa;alerta_rayos_activa
alerta_rayos_score,False,,
alerta_tormenta_activa,False,,
alerta_tormenta_componente_humedad,True,19,alerta_calor_componente_humedad;alerta_calor_componente_uv;alerta_tormenta_componente_humedad;alerta_tormenta_componente_presion;alerta_tormenta_componente_radiacion
alerta_tormenta_componente_presion,True,19,alerta_calor_componente_humedad;alerta_calor_componente_uv;alerta_tormenta_componente_humedad;alerta_tormenta_componente_presion;alerta_tormenta_componente_radiacion
alerta_tormenta_componente_radiacion,True,19,alerta_calor_componente_humedad;alerta_calor_componente_uv;alerta_tormenta_componente_humedad;alerta_tormenta_componente_presion;alerta_tormenta_componente_radiacion
alerta_tormenta_score,False,,
altitud,True,47,altitud;latitud
altitud_estacion,False,,
altitud_inversion_estimada,False,,
altura_capa_limite_estimada,False,,
altura_capa_mezcla_m,False,,
altura_geopotencial,False,,
altura_medicion_viento,False,,
altura_referencia_viento,False,,
altura_turbulencia_efectiva_m,False,,
amplitud_ciclo_termico,False,,
amplitud_termica_diurna,False,,
angulo_cenital_deg,False,,
angulo_horario_amanecer,False,,
angulo_horario_puesta_sol,True,60,angulo_horario_puesta_sol;angulo_horario_puesta_sol_deg
angulo_horario_puesta_sol_deg,True,60,angulo_horario_puesta_sol;angulo_horario_puesta_sol_deg
angulo_horario_solar,False,,
anomalia_presion,False,,
anomalia_temperatura,False,,
aod_angstrom_310nm,True,65,aod_angstrom_310nm;aod_angstrom_500nm
aod_angstrom_500nm,True,65,aod_angstrom_310nm;aod_angstrom_500nm
aod_base_koschmieder,False,,
aptitud_vuelo_cetreria,False,,
aqi_compuesto,False,,
aqi_pm10,False,,
aqi_pm25,False,,
arco_solar,False,,
area_superficial_cuerpo_dubois,False,,
ascension_recta_solar,False,,
ashrae55_aceptabilidad,False,,
ashrae55_limite_inferior_80,True,76,ashrae55_limite_inferior_80;ashrae55_limite_superior_80
ashrae55_limite_superior_80,True,76,ashrae55_limite_inferior_80;ashrae55_limite_superior_80
ashrae55_temp_confort,False,,
auto_discovery_enabled,False,,
auto_discovery_modules_scanned,True,80,auto_discovery_modules_scanned;auto_discovery_motores_escaneados
auto_discovery_motores_escaneados,True,80,auto_discovery_modules_scanned;auto_discovery_motores_escaneados
auto_discovery_subfactores_encontrados,False,,
auto_discovery_timestamp,False,,
auto_discovery_version,False,,
azimut_solar,False,,
año,False,,
balance_energetico_W,False,,
balance_hidrico_24h,False,,
balance_hidrico_anual_mm,False,,
barro_campo_bucket_pct,False,,
base_calefaccion,False,,
base_refrigeracion,False,,
beaufort_0_calma,False,,
beaufort_10_temporal_muy_fuerte,True,94,beaufort_10_temporal_muy_fuerte;beaufort_9_temporal_fuerte
beaufort_11_tempestad,False,,
beaufort_12_huracan,False,,
beaufort_1_ventolina,False,,
beaufort_2_brisa_muy_debil,True,98,beaufort_2_brisa_muy_debil;beaufort_3_brisa_debil
beaufort_3_brisa_debil,True,98,beaufort_2_brisa_muy_debil;beaufort_3_brisa_debil
beaufort_4_brisa_moderada,False,,
beaufort_5_brisa_fresca,True,102,beaufort_5_brisa_fresca;beaufort_6_brisa_fuerte
beaufort_6_brisa_fuerte,True,102,beaufort_5_brisa_fresca;beaufort_6_brisa_fuerte
beaufort_7_viento_fuerte,False,,
beaufort_8_temporal,False,,
beaufort_9_temporal_fuerte,True,94,beaufort_10_temporal_muy_fuerte;beaufort_9_temporal_fuerte
bias_temperatura,True,106,bias_temperatura;isa_temperatura;mae_temperatura;mse_temperatura;rmse_temperatura;z_score_temperatura
biotemperatura_holdridge,False,,
bochorno_insoportable,False,,
bochorno_intenso,False,,
bochorno_ligero,False,,
bochorno_moderado,False,,
bochorno_sin,False,,
brier_score_prediccion,False,,
brunt_coef_a,True,114,brunt_coef_a;brunt_coef_b
brunt_coef_b,True,114,brunt_coef_a;brunt_coef_b
brunt_factor_nubosidad_0_despejado,False,,
brunt_factor_nubosidad_100_cubierto,False,,
brunt_factor_nubosidad_50_parcial,False,,
brunt_vaisala_N2,False,,
brunt_vaisala_frequency,False,,
bus_expander_version,False,,
calidad_aire_categoria,False,,
calidad_datos_temperatura,False,,
calidad_estimacion_geografica,False,,
calidad_ventilacion_pct,False,,
calor_especifico_agua,True,126,calor_especifico_agua;calor_especifico_vapor
calor_especifico_aire_seco,True,128,calor_especifico_aire_seco;calor_especifico_dinamico;calor_especifico_hielo
calor_especifico_dinamico,True,128,calor_especifico_aire_seco;calor_especifico_dinamico;calor_especifico_hielo
calor_especifico_hielo,True,128,calor_especifico_aire_seco;calor_especifico_dinamico;calor_especifico_hielo
calor_especifico_vapor,True,126,calor_especifico_agua;calor_especifico_vapor
calor_fusion_hielo,False,,
calor_latente_fusion,False,,
calor_latente_sublimacion_0c,False,,
calor_latente_vaporizacion,True,134,calor_latente_vaporizacion;calor_latente_vaporizacion_0c
calor_latente_vaporizacion_0c,True,134,calor_latente_vaporizacion;calor_latente_vaporizacion_0c
cambio_nubosidad_rapido,False,,
cambio_rapido_presion,False,,
cambio_rapido_temperatura,False,,
capacidad_campo_mm,False,,
cape,False,,
cape_categoria,False,,
cape_debil,False,,
cape_fuerte,False,,
cape_j_kg,False,,
cape_moderado,False,,
carga_electron,False,,
carga_termica_edificio,False,,
categoria_aridez,False,,
categoria_calidad_ambiental,False,,
categoria_cape,False,,
categoria_confort_ashrae,False,,
categoria_estres_calor,True,152,categoria_estres_calor;categoria_estres_ganado
categoria_estres_ganado,True,152,categoria_estres_calor;categoria_estres_ganado
categoria_historica_temperatura,True,626,categoria_historica_temperatura;maximo_historico_temperatura;media_historica_temperatura;minimo_historico_temperatura;rango_historico_temperatura
categoria_humedad_suelo,False,,
categoria_lang,False,,
categoria_martonne,False,,
categoria_ozono,False,,
caudal_ventilacion,False,,
chi_squared_coherencia,False,,
ciclo_diurno_completado,False,,
cielo_observable_nocturno_score,False,,
cin,False,,
cin_j_kg,False,,
clasificacion_estabilidad,False,,
clo_aislamiento_ropa,False,,
clo_desnudo,False,,
clo_invierno,False,,
clo_traje,False,,
clo_verano,False,,
cn2_estructura_refractiva,False,,
co2_aceptable,False,,
co2_bueno,False,,
co2_categoria,False,,
co2_excelente,False,,
co2_malo,False,,
co2_muy_malo,False,,
co2_nivel,False,,
co2_pobre,False,,
coeficiente_absorcion_beta_abs,False,,
coeficiente_angstrom_alpha,True,181,coeficiente_angstrom_alpha;coeficiente_angstrom_beta
coeficiente_angstrom_beta,True,181,coeficiente_angstrom_alpha;coeficiente_angstrom_beta
coeficiente_arrastre_CD,False,,
coeficiente_convectivo_hc,False,,
coeficiente_dispersion_beta_sca,False,,
coeficiente_extincion_beta_ext,False,,
coeficiente_psicrometrico,False,,
coeficiente_sustentacion_CL,False,,
coeficiente_transferencia_masa,False,,
coherencia_datos_humedad,False,,
coherencia_datos_presion,False,,
coherencia_datos_temperatura_humedad,False,,
coherencia_general_sensores,True,193,coherencia_general_sensores;coherencia_sensores
coherencia_sensores,True,193,coherencia_general_sensores;coherencia_sensores
condensacion_alto,True,195,condensacion_alto;condensacion_bajo;condensacion_muy_alto
condensacion_bajo,True,195,condensacion_alto;condensacion_bajo;condensacion_muy_alto
condensacion_moderado,False,,
condensacion_muy_alto,True,195,condensacion_alto;condensacion_bajo;condensacion_muy_alto
condensacion_seguro,False,,
condiciones_observacion,False,,
conductividad_aire_seco,False,,
conductividad_termica,False,,
confianza_latitud_radiacion,False,,
confianza_prediccion_general,False,,
confianza_prediccion_lluvia,False,,
confort_ave_interpretacion,False,,
confort_ave_porter_gates_0_100,False,,
confort_ave_score,False,,
confort_calido,False,,
confort_calor_extremo,True,210,confort_calor_extremo;confort_frio_extremo
confort_caluroso,False,,
confort_fresco,True,212,confort_fresco;confort_frio
confort_frio,True,212,confort_fresco;confort_frio
confort_frio_extremo,True,210,confort_calor_extremo;confort_frio_extremo
confort_general_aceptable,False,,
confort_general_bueno,False,,
confort_general_deficiente,False,,
confort_general_optimo,False,,
confort_interior_score,False,,
confort_optimo,False,,
confort_porcentaje_ashrae,False,,
constante_boltzmann,True,222,constante_boltzmann;constante_stefan_boltzmann;constante_stefan_boltzmann_si
constante_gas_vapor,False,,
constante_gases_universal,False,,
constante_planck,False,,
constante_psicrometrica_gamma,False,,
constante_solar,True,227,constante_solar;constante_solar_fao56;constante_solar_fao56_wm2;constante_solar_gsc;constante_solar_w_m2
constante_solar_fao56,True,227,constante_solar;constante_solar_fao56;constante_solar_fao56_wm2;constante_solar_gsc;constante_solar_w_m2
constante_solar_fao56_wm2,True,227,constante_solar;constante_solar_fao56;constante_solar_fao56_wm2;constante_solar_gsc;constante_solar_w_m2
constante_solar_gsc,True,227,constante_solar;constante_solar_fao56;constante_solar_fao56_wm2;constante_solar_gsc;constante_solar_w_m2
constante_solar_w_m2,True,227,constante_solar;constante_solar_fao56;constante_solar_fao56_wm2;constante_solar_gsc;constante_solar_w_m2
constante_stefan_boltzmann,True,222,constante_boltzmann;constante_stefan_boltzmann;constante_stefan_boltzmann_si
constante_stefan_boltzmann_si,True,222,constante_boltzmann;constante_stefan_boltzmann;constante_stefan_boltzmann_si
constante_sutherland,False,,
constante_universal_gases,False,,
constante_von_karman,False,,
constantes_totales_publicadas,False,,
conveccion_globo_W,False,,
correccion_radiativa,False,,
declinacion_solar,True,240,declinacion_solar;declinacion_solar_deg;declinacion_solar_grados;declinacion_solar_rad;declinacion_solar_simple
declinacion_solar_deg,True,240,declinacion_solar;declinacion_solar_deg;declinacion_solar_grados;declinacion_solar_rad;declinacion_solar_simple
declinacion_solar_grados,True,240,declinacion_solar;declinacion_solar_deg;declinacion_solar_grados;declinacion_solar_rad;declinacion_solar_simple
declinacion_solar_rad,True,240,declinacion_solar;declinacion_solar_deg;declinacion_solar_grados;declinacion_solar_rad;declinacion_solar_simple
declinacion_solar_simple,True,240,declinacion_solar;declinacion_solar_deg;declinacion_solar_grados;declinacion_solar_rad;declinacion_solar_simple
deficit_hidrico,False,,
deficit_saturacion,False,,
delta_albedo_humedad,False,,
delta_conductividad_humedad,False,,
delta_t_atomico,False,,
delta_temperatura_1h,False,,
delta_termico_hora,False,,
demanda_climatizacion_estimada,False,,
denominador_penman_monteith,False,,
densidad_agua_liquida,False,,
densidad_aire_cipm,False,,
densidad_hielo,False,,
densidad_optica_nube,False,,
depresion_cielo_cubierto,False,,
depresion_cielo_despejado,False,,
depresion_muy_nublado,True,260,depresion_muy_nublado;depresion_poco_nublado
depresion_parcialmente_nublado,False,,
depresion_poco_nublado,True,260,depresion_muy_nublado;depresion_poco_nublado
depresion_punto_rocio,False,,
desviacion_confort_ashrae,False,,
desviacion_estandar_temperatura,True,265,desviacion_estandar_temperatura;desviacion_patron_temperatura
desviacion_patron_presion,False,,
desviacion_patron_temperatura,True,265,desviacion_estandar_temperatura;desviacion_patron_temperatura
dew_point_max_iter,False,,
dew_point_tolerance,False,,
dia_del_ano,False,,
dia_juliano,False,,
dia_mes,False,,
dia_semana,False,,
dias_desde_luna_nueva,False,,
dias_desde_ultima_calibracion,False,,
dias_en_estacion,False,,
dias_grado_crecimiento,False,,
dias_helada_acumulados_año,False,,
diferencia_estratificacion,False,,
diferencia_hora_solar,False,,
diferencia_presion_altitud,False,,
diferencial_temperatura,False,,
diferencial_termico_int_ext,False,,
difusividad_vapor,False,,
direccion_flujo_ventilacion,False,,
direccion_tendencia_humedad,False,,
direccion_tendencia_presion,False,,
direccion_tendencia_temperatura,False,,
direccion_viento_raw,False,,
disponibilidad_agua_plantas_pct,False,,
distancia_tierra_sol,True,291,distancia_tierra_sol;factor_distancia_tierra_sol
drenaje_profundo_mm_dia,False,,
drift_sensor_temperatura,False,,
duracion_dia_h,False,,
ecuacion_tiempo,False,,
el,False,,
elevacion_solar,True,297,elevacion_solar;seno_elevacion_solar
elevacion_solar_estimada,False,,
elite_motors_version,False,,
elite_muro_valor_maximo,True,300,elite_muro_valor_maximo;elite_muro_valor_minimo
elite_muro_valor_minimo,True,300,elite_muro_valor_maximo;elite_muro_valor_minimo
elite_truncamiento_decimal,False,,
emis ividad_cuerpo_humano,True,303,emis ividad_cuerpo_humano;emis ividad_cuerpo_negro
emis ividad_cuerpo_negro,True,303,emis ividad_cuerpo_humano;emis ividad_cuerpo_negro
emisividad_agua,False,,
emisividad_atmosfera_clara,False,,
emisividad_nieve,False,,
emisividad_suelo_seco,False,,
emisividad_vegetacion,False,,
energia_solar_acumulada_dia,False,,
entalpia_aire_humedo,True,311,entalpia_aire_humedo;entalpia_aire_humedo_total
entalpia_aire_humedo_total,True,311,entalpia_aire_humedo;entalpia_aire_humedo_total
entalpia_aire_seco_componente,False,,
entalpia_vapor_componente,False,,
environmental_indices_lines,False,,
epsilon_vapor,False,,
equilibrium_level_m,False,,
error_absoluto_temperatura,False,,
es_año_bisiesto,False,,
escala_kolmogorov_eta,False,,
escenario_medio_temp,False,,
escenario_optimista_temp,True,322,escenario_optimista_temp;escenario_pesimista_temp
escenario_pesimista_temp,True,322,escenario_optimista_temp;escenario_pesimista_temp
esfuerzo_turbulencia_adicional_W,False,,
estabilidad_atmosferica,False,,
estabilidad_score,False,,
estacion_del_ano,False,,
estado_turbina_eolica,False,,
estimacion_geografica_disponible,False,,
et0_alto,False,,
et0_bajo,False,,
et0_canopy_shuttleworth,False,,
et0_moderado,False,,
et0_muy_alto,True,334,et0_muy_alto;et0_muy_bajo
et0_muy_bajo,True,334,et0_muy_alto;et0_muy_bajo
et0_soil_shuttleworth,True,336,et0_soil_shuttleworth;et0_total_shuttleworth
et0_total_shuttleworth,True,336,et0_soil_shuttleworth;et0_total_shuttleworth
et_sw_canopy,False,,
et_sw_delta_vapor,False,,
et_sw_factor_stomatal,False,,
et_sw_lai,False,,
et_sw_resistencia_canopy,False,,
et_sw_resistencia_suelo,False,,
et_sw_soil,False,,
et_sw_status,False,,
et_sw_total,False,,
et_sw_vpd,False,,
evaporacion_bulbo_humedo_W,False,,
evapotranspiracion_potencial_et0,True,349,evapotranspiracion_potencial_et0;evapotranspiracion_real_etr
evapotranspiracion_real_etr,True,349,evapotranspiracion_potencial_et0;evapotranspiracion_real_etr
excentricidad_orbita,True,351,excentricidad_orbita;excentricidad_orbita_tierra;factor_excentricidad_orbital
excentricidad_orbita_tierra,True,351,excentricidad_orbita;excentricidad_orbita_tierra;factor_excentricidad_orbital
exponente_angstrom_alpha,False,,
exponente_barometrico,False,,
exponente_laplace,False,,
factor_ajuste_perfil_viento,False,,
factor_capacidad_eolica,True,357,factor_capacidad_eolica;factor_capacidad_fotovoltaica
factor_capacidad_fotovoltaica,True,357,factor_capacidad_eolica;factor_capacidad_fotovoltaica
factor_cielo_claro,False,,
factor_compresibilidad_virial,False,,
factor_conversion_longitud,False,,
factor_correccion_vapor,True,362,factor_correccion_vapor;factor_correccion_vapor_humedo
factor_correccion_vapor_humedo,True,362,factor_correccion_vapor;factor_correccion_vapor_humedo
factor_crecimiento_higroscopico_aerosol,True,364,factor_crecimiento_higroscopico_aerosol;factor_crecimiento_higroscopico_f_RH
factor_crecimiento_higroscopico_f_RH,True,364,factor_crecimiento_higroscopico_aerosol;factor_crecimiento_higroscopico_f_RH
factor_distancia_tierra_sol,True,291,distancia_tierra_sol;factor_distancia_tierra_sol
factor_espectral_potencias,False,,
factor_excentricidad_orbital,True,351,excentricidad_orbita;excentricidad_orbita_tierra;factor_excentricidad_orbital
factor_f_a_c,False,,
factor_forma_edificio,False,,
factor_gravedad_altitud,True,371,factor_gravedad_altitud;factor_gravedad_latitud
factor_gravedad_latitud,True,371,factor_gravedad_altitud;factor_gravedad_latitud
factor_hpa_a_pa,True,373,factor_hpa_a_pa;factor_pa_a_atm;factor_pa_a_kpa
factor_humedad_calor_especifico,False,,
factor_humedad_conductividad,False,,
factor_inhg_a_hpa,False,,
factor_kg_a_g,False,,
factor_kmh_a_ms,True,378,factor_kmh_a_ms;factor_m_a_km;factor_mm_a_m;factor_mph_a_kmh;factor_ms_a_kmh
factor_m_a_km,True,378,factor_kmh_a_ms;factor_m_a_km;factor_mm_a_m;factor_mph_a_kmh;factor_ms_a_kmh
factor_mjm2dia_a_wm2,False,,
factor_mm_a_m,True,378,factor_kmh_a_ms;factor_m_a_km;factor_mm_a_m;factor_mph_a_kmh;factor_ms_a_kmh
factor_mph_a_kmh,True,378,factor_kmh_a_ms;factor_m_a_km;factor_mm_a_m;factor_mph_a_kmh;factor_ms_a_kmh
factor_ms_a_kmh,True,378,factor_kmh_a_ms;factor_m_a_km;factor_mm_a_m;factor_mph_a_kmh;factor_ms_a_kmh
factor_multiplicador_presion,False,,
factor_pa_a_atm,True,373,factor_hpa_a_pa;factor_pa_a_atm;factor_pa_a_kpa
factor_pa_a_kpa,True,373,factor_hpa_a_pa;factor_pa_a_atm;factor_pa_a_kpa
factor_secado_viento_radiacion,False,,
factor_sequedad_suelo,False,,
factor_solar,False,,
factor_stomatal_reduccion,False,,
factor_stress_hidrico,False,,
factor_wm2_a_mjm2dia,False,,
fanger_clo_estacional,False,,
fanger_fcl,True,394,fanger_fcl;fanger_hc;fanger_icl
fanger_hc,True,394,fanger_fcl;fanger_hc;fanger_icl
fanger_icl,True,394,fanger_fcl;fanger_hc;fanger_icl
fanger_met_actividad,False,,
fanger_pmv,False,,
fanger_ppd,False,,
fase_ciclo_termico,False,,
fase_lunar,False,,
favorable_termicas_bool,False,,
favorable_vuelo_planeo_bool,False,,
flujo_calor_sensible_H,False,,
fraccion_argon,False,,
fraccion_co2,False,,
fraccion_condensacion_agua,False,,
fraccion_dia,False,,
fraccion_molar_vapor,False,,
fraccion_nitrogeno,True,410,fraccion_nitrogeno;fraccion_oxigeno
fraccion_oxigeno,True,410,fraccion_nitrogeno;fraccion_oxigeno
fraccion_radiacion_difusa,False,,
fraccion_saturacion,False,,
fried_r0_bueno,False,,
fried_r0_excelente,False,,
fried_r0_m,False,,
fried_r0_moderado,False,,
fried_r0_muy_pobre,True,418,fried_r0_muy_pobre;fried_r0_pobre
fried_r0_pobre,True,418,fried_r0_muy_pobre;fried_r0_pobre
fuerza_inversion_termica,False,,
fuerza_motriz_evaporacion,False,,
gab_hormigon,True,422,gab_hormigon;gab_hormigon_a;gab_hormigon_b;gab_hormigon_c
gab_hormigon_a,True,422,gab_hormigon;gab_hormigon_a;gab_hormigon_b;gab_hormigon_c
gab_hormigon_b,True,422,gab_hormigon;gab_hormigon_a;gab_hormigon_b;gab_hormigon_c
gab_hormigon_c,True,422,gab_hormigon;gab_hormigon_a;gab_hormigon_b;gab_hormigon_c
gab_ladrillo,True,426,gab_ladrillo;gab_ladrillo_a;gab_ladrillo_b;gab_ladrillo_c
gab_ladrillo_a,True,426,gab_ladrillo;gab_ladrillo_a;gab_ladrillo_b;gab_ladrillo_c
gab_ladrillo_b,True,426,gab_ladrillo;gab_ladrillo_a;gab_ladrillo_b;gab_ladrillo_c
gab_ladrillo_c,True,426,gab_ladrillo;gab_ladrillo_a;gab_ladrillo_b;gab_ladrillo_c
gab_madera,True,430,gab_madera;gab_madera_a;gab_madera_b;gab_madera_c
gab_madera_a,True,430,gab_madera;gab_madera_a;gab_madera_b;gab_madera_c
gab_madera_b,True,430,gab_madera;gab_madera_a;gab_madera_b;gab_madera_c
gab_madera_c,True,430,gab_madera;gab_madera_a;gab_madera_b;gab_madera_c
gab_yeso,True,434,gab_yeso;gab_yeso_a;gab_yeso_b;gab_yeso_c
gab_yeso_a,True,434,gab_yeso;gab_yeso_a;gab_yeso_b;gab_yeso_c
gab_yeso_b,True,434,gab_yeso;gab_yeso_a;gab_yeso_b;gab_yeso_c
gab_yeso_c,True,434,gab_yeso;gab_yeso_a;gab_yeso_b;gab_yeso_c
ganancia_solar_W,False,,
ganancia_termica_radiacion,False,,
gap_temperatura_rocio,False,,
gdd_base_cereal,False,,
gdd_base_citricos,False,,
gdd_base_maiz,False,,
gdd_base_vid,False,,
gradiente_adiabatico_seco,True,448,gradiente_adiabatico_seco;gradiente_adiabatico_seco_teorico;gradiente_termico_adiabatico_humedo;gradiente_termico_adiabatico_seco
gradiente_adiabatico_seco_teorico,True,448,gradiente_adiabatico_seco;gradiente_adiabatico_seco_teorico;gradiente_termico_adiabatico_humedo;gradiente_termico_adiabatico_seco
gradiente_real_aplicado,False,,
gradiente_termico_adiabatico_humedo,True,448,gradiente_adiabatico_seco;gradiente_adiabatico_seco_teorico;gradiente_termico_adiabatico_humedo;gradiente_termico_adiabatico_seco
gradiente_termico_adiabatico_seco,True,448,gradiente_adiabatico_seco;gradiente_adiabatico_seco_teorico;gradiente_termico_adiabatico_humedo;gradiente_termico_adiabatico_seco
gradiente_termico_isa,False,,
gradiente_termico_troposferico,False,,
grados_dia_calefaccion_hdd_acumulado,True,452,grados_dia_calefaccion_hdd_acumulado;grados_dia_calefaccion_hdd_dia;grados_dia_refrigeracion_cdd_acumulado;grados_dia_refrigeracion_cdd_dia
grados_dia_calefaccion_hdd_dia,True,452,grados_dia_calefaccion_hdd_acumulado;grados_dia_calefaccion_hdd_dia;grados_dia_refrigeracion_cdd_acumulado;grados_dia_refrigeracion_cdd_dia
grados_dia_refrigeracion_cdd_acumulado,True,452,grados_dia_calefaccion_hdd_acumulado;grados_dia_calefaccion_hdd_dia;grados_dia_refrigeracion_cdd_acumulado;grados_dia_refrigeracion_cdd_dia
grados_dia_refrigeracion_cdd_dia,True,452,grados_dia_calefaccion_hdd_acumulado;grados_dia_calefaccion_hdd_dia;grados_dia_refrigeracion_cdd_acumulado;grados_dia_refrigeracion_cdd_dia
gravedad_dinamica,False,,
gravedad_ecuatorial,False,,
gravedad_estandar,False,,
hash_integridad_frame,False,,
heat_index_componente_hr,True,460,heat_index_componente_hr;heat_index_componente_temp
heat_index_componente_interaccion,False,,
heat_index_componente_temp,True,460,heat_index_componente_hr;heat_index_componente_temp
heat_index_simple,False,,
helada_punto_rocio_riesgo_alto,True,464,helada_punto_rocio_riesgo_alto;helada_punto_rocio_riesgo_bajo;helada_punto_rocio_riesgo_moderado;helada_punto_rocio_riesgo_muy_alto
helada_punto_rocio_riesgo_bajo,True,464,helada_punto_rocio_riesgo_alto;helada_punto_rocio_riesgo_bajo;helada_punto_rocio_riesgo_moderado;helada_punto_rocio_riesgo_muy_alto
helada_punto_rocio_riesgo_moderado,True,464,helada_punto_rocio_riesgo_alto;helada_punto_rocio_riesgo_bajo;helada_punto_rocio_riesgo_moderado;helada_punto_rocio_riesgo_muy_alto
helada_punto_rocio_riesgo_muy_alto,True,464,helada_punto_rocio_riesgo_alto;helada_punto_rocio_riesgo_bajo;helada_punto_rocio_riesgo_moderado;helada_punto_rocio_riesgo_muy_alto
helada_punto_rocio_seguro,False,,
hemisferio_este_oeste,False,,
hemisferio_norte_sur,False,,
hora_local,False,,
hora_pico_solar,False,,
hora_temperatura_maxima,True,473,hora_temperatura_maxima;hora_temperatura_minima
hora_temperatura_minima,True,473,hora_temperatura_maxima;hora_temperatura_minima
hora_utc,False,,
horas_hasta_saturacion,False,,
humedad_absoluta,True,477,humedad_absoluta;humedad_absoluta_max;humedad_suelo_absoluta
humedad_absoluta_derivada,False,,
humedad_absoluta_max,True,477,humedad_absoluta;humedad_absoluta_max;humedad_suelo_absoluta
humedad_aire_humedo,True,481,humedad_aire_humedo;humedad_aire_muy_seco;humedad_aire_seco
humedad_aire_muy_seco,True,481,humedad_aire_humedo;humedad_aire_muy_seco;humedad_aire_seco
humedad_aire_seco,True,481,humedad_aire_humedo;humedad_aire_muy_seco;humedad_aire_seco
humedad_confort_max,True,483,humedad_confort_max;humedad_confort_min
humedad_confort_min,True,483,humedad_confort_max;humedad_confort_min
humedad_critica_moho_pct,False,,
humedad_diamond,False,,
humedad_especifica,True,489,humedad_especifica;humedad_especifica_aprox;humedad_especifica_critica;humedad_especifica_q
humedad_especifica_aprox,True,489,humedad_especifica;humedad_especifica_aprox;humedad_especifica_critica;humedad_especifica_q
humedad_especifica_critica,True,489,humedad_especifica;humedad_especifica_aprox;humedad_especifica_critica;humedad_especifica_q
humedad_especifica_q,True,489,humedad_especifica;humedad_especifica_aprox;humedad_especifica_critica;humedad_especifica_q
humedad_raw,False,,
humedad_relativa_max,True,492,humedad_relativa_max;humedad_relativa_min
humedad_relativa_min,True,492,humedad_relativa_max;humedad_relativa_min
humedad_suelo_absoluta,True,477,humedad_absoluta;humedad_absoluta_max;humedad_suelo_absoluta
humedad_suelo_mm,False,,
humedad_suelo_relativa,False,,
hurst_H,False,,
hurst_estabilidad_pct,False,,
hurst_interpretacion,False,,
hurst_ventana_analisis_dias,False,,
hyland_wexler_c1,True,501,hyland_wexler_c1;hyland_wexler_c2;hyland_wexler_c3;hyland_wexler_c4;hyland_wexler_c5;hyland_wexler_c6
hyland_wexler_c2,True,501,hyland_wexler_c1;hyland_wexler_c2;hyland_wexler_c3;hyland_wexler_c4;hyland_wexler_c5;hyland_wexler_c6
hyland_wexler_c3,True,501,hyland_wexler_c1;hyland_wexler_c2;hyland_wexler_c3;hyland_wexler_c4;hyland_wexler_c5;hyland_wexler_c6
hyland_wexler_c4,True,501,hyland_wexler_c1;hyland_wexler_c2;hyland_wexler_c3;hyland_wexler_c4;hyland_wexler_c5;hyland_wexler_c6
hyland_wexler_c5,True,501,hyland_wexler_c1;hyland_wexler_c2;hyland_wexler_c3;hyland_wexler_c4;hyland_wexler_c5;hyland_wexler_c6
hyland_wexler_c6,True,501,hyland_wexler_c1;hyland_wexler_c2;hyland_wexler_c3;hyland_wexler_c4;hyland_wexler_c5;hyland_wexler_c6
iapws_n1,True,507,iapws_n1;iapws_n2;iapws_n3;iapws_n4
iapws_n2,True,507,iapws_n1;iapws_n2;iapws_n3;iapws_n4
iapws_n3,True,507,iapws_n1;iapws_n2;iapws_n3;iapws_n4
iapws_n4,True,507,iapws_n1;iapws_n2;iapws_n3;iapws_n4
iapws_presion_critica,False,,
iapws_temp_critica,False,,
icono_fase_lunar,False,,
iluminacion_lunar,False,,
incertidumbre_prediccion,False,,
indice_aridez_unesco,False,,
indice_cetreria_compuesto,False,,
indice_claridad_kt,False,,
indice_continentalidad,False,,
indice_humedad_0_1,True,520,indice_humedad_0_1;indice_sequedad_0_1
indice_lang,False,,
indice_maduracion_cultivos,False,,
indice_martonne,False,,
indice_moho_vtt_M,False,,
indice_scorer,False,,
indice_sequedad_0_1,True,520,indice_humedad_0_1;indice_sequedad_0_1
indice_sequia_aire,False,,
indice_visibilidad,True,574,indice_visibilidad;limite_estabilidad;limite_visibilidad
inercia_termica,True,529,inercia_termica;score_inercia_termica
inicio_primavera_detectado,False,,
inicio_primavera_fenologico_dia,False,,
intensidad_termicas_0_100,False,,
interpretacion_confort,False,,
interpretacion_inversion,False,,
interpretacion_pmv,False,,
intervalo_calibracion_recomendado,False,,
intervalo_confianza_95_temperatura,False,,
inversion_termica_detectada,True,538,inversion_termica_detectada;inversion_termica_pct
inversion_termica_pct,True,538,inversion_termica_detectada;inversion_termica_pct
isa_altitud,True,540,isa_altitud;isa_latitud
isa_densidad,False,,
isa_densidad_aire_default,False,,
isa_humedad,False,,
isa_humedad_relativa_default,False,,
isa_latitud,True,540,isa_altitud;isa_latitud
isa_presion,False,,
isa_presion_nivel_mar,True,547,isa_presion_nivel_mar;presion_nivel_mar
isa_temperatura,True,106,bias_temperatura;isa_temperatura;mae_temperatura;mse_temperatura;rmse_temperatura;z_score_temperatura
isa_temperatura_nivel_mar,True,549,isa_temperatura_nivel_mar;temperatura_nivel_mar_isa
isa_temperatura_rocio_default,False,,
k_index,False,,
k_index_categoria,True,552,k_index_categoria;lifted_index_categoria
k_index_sin_tormentas,True,553,k_index_sin_tormentas;k_index_tormenta
k_index_tormenta,True,553,k_index_sin_tormentas;k_index_tormenta
k_index_tormenta_muy_probable,True,555,k_index_tormenta_muy_probable;k_index_tormenta_posible
k_index_tormenta_posible,True,555,k_index_tormenta_muy_probable;k_index_tormenta_posible
kalman_confianza_95_sigma,False,,
kalman_ganancia_K,False,,
kalman_tendencia_h,False,,
kalman_valor_predicho,False,,
latitud,True,47,altitud;latitud
latitud_estimada_radiacion,False,,
latitud_radianes,True,563,latitud_radianes;longitud_radianes
lcl_lawrence,False,,
level_free_convection_m,False,,
lfc,False,,
lifted_index,False,,
lifted_index_categoria,True,552,k_index_categoria;lifted_index_categoria
lifted_index_estable,True,569,lifted_index_estable;lifted_index_inestable;lifted_index_muy_inestable
lifted_index_inestable,True,569,lifted_index_estable;lifted_index_inestable;lifted_index_muy_inestable
lifted_index_muy_inestable,True,569,lifted_index_estable;lifted_index_inestable;lifted_index_muy_inestable
limite_cape,False,,
limite_energia,True,573,limite_energia;limite_generico
limite_estabilidad,True,574,indice_visibilidad;limite_estabilidad;limite_visibilidad
limite_generico,True,573,limite_energia;limite_generico
limite_humedad_max,True,576,limite_humedad_max;limite_humedad_min;tope_humedad_max;tope_humedad_min
limite_humedad_min,True,576,limite_humedad_max;limite_humedad_min;tope_humedad_max;tope_humedad_min
limite_viento,False,,
limite_visibilidad,True,574,indice_visibilidad;limite_estabilidad;limite_visibilidad
limite_zeta_max,True,580,limite_zeta_max;limite_zeta_min
limite_zeta_min,True,580,limite_zeta_max;limite_zeta_min
lluvia_fuerte,True,582,lluvia_fuerte;lluvia_muy_fuerte
lluvia_ligera,True,583,lluvia_ligera;lluvia_muy_ligera
lluvia_llovizna,False,,
lluvia_moderada,False,,
lluvia_muy_fuerte,True,582,lluvia_fuerte;lluvia_muy_fuerte
lluvia_muy_ligera,True,583,lluvia_ligera;lluvia_muy_ligera
lluvia_record_1_min,False,,
lluvia_torrencial,False,,
longitud,False,,
longitud_estimada_bruta,False,,
longitud_estimada_corregida,False,,
longitud_monin_obukhov_L,False,,
longitud_radianes,True,563,latitud_radianes;longitud_radianes
longitud_rugosidad_bosque,True,597,longitud_rugosidad_bosque;longitud_rugosidad_cesped;longitud_rugosidad_urbano
longitud_rugosidad_cesped,True,597,longitud_rugosidad_bosque;longitud_rugosidad_cesped;longitud_rugosidad_urbano
longitud_rugosidad_urbano,True,597,longitud_rugosidad_bosque;longitud_rugosidad_cesped;longitud_rugosidad_urbano
luz_oscuridad,False,,
luz_oscuridad_total,False,,
luz_penumbra,False,,
luz_tenue,False,,
lwc_contenido_agua_liquida_gm3,False,,
mae_temperatura,True,106,bias_temperatura;isa_temperatura;mae_temperatura;mse_temperatura;rmse_temperatura;z_score_temperatura
manifiesto_fecha_sellado,False,,
manifiesto_integridad_verificada,False,,
manifiesto_num_predicciones,True,606,manifiesto_num_predicciones;manifiesto_predicciones_count;manifiesto_predicciones_version
manifiesto_predicciones_count,True,606,manifiesto_num_predicciones;manifiesto_predicciones_count;manifiesto_predicciones_version
manifiesto_predicciones_sha256,False,,
manifiesto_predicciones_version,True,606,manifiesto_num_predicciones;manifiesto_predicciones_count;manifiesto_predicciones_version
manifiesto_sha256,False,,
manifiesto_verificado,True,611,manifiesto_verificado;manifiesto_version
manifiesto_version,True,611,manifiesto_verificado;manifiesto_version
masa_aire_caracteristica,False,,
masa_aire_origen,False,,
masa_aire_tendencia,False,,
masa_aire_theta_e,False,,
masa_aire_tipo,False,,
masa_molar_agua,True,621,masa_molar_agua;masa_molar_vapor;masa_molar_vapor_agua;masa_molar_vapor_laplace
masa_molar_aire_seco,True,619,masa_molar_aire_seco;masa_molar_aire_seco_laplace
masa_molar_aire_seco_laplace,True,619,masa_molar_aire_seco;masa_molar_aire_seco_laplace
masa_molar_vapor,True,621,masa_molar_agua;masa_molar_vapor;masa_molar_vapor_agua;masa_molar_vapor_laplace
masa_molar_vapor_agua,True,621,masa_molar_agua;masa_molar_vapor;masa_molar_vapor_agua;masa_molar_vapor_laplace
masa_molar_vapor_laplace,True,621,masa_molar_agua;masa_molar_vapor;masa_molar_vapor_agua;masa_molar_vapor_laplace
masa_optica_kasten_young,False,,
maxima_temperatura_esperada_proximo_dia,False,,
maximo_historico_temperatura,True,626,categoria_historica_temperatura;maximo_historico_temperatura;media_historica_temperatura;minimo_historico_temperatura;rango_historico_temperatura
media_historica_temperatura,True,626,categoria_historica_temperatura;maximo_historico_temperatura;media_historica_temperatura;minimo_historico_temperatura;rango_historico_temperatura
media_movil_30dias_temperatura,True,628,media_movil_30dias_temperatura;media_movil_7dias_temperatura
media_movil_7dias_temperatura,True,628,media_movil_30dias_temperatura;media_movil_7dias_temperatura
mes,False,,
met_caminando_lento,False,,
met_caminando_rapido,False,,
met_de_pie,False,,
met_durmiendo,False,,
met_oficina,False,,
met_sentado,False,,
met_tasa_metabolica,False,,
meteoser_version,False,,
minima_temperatura_esperada_noche,False,,
minimo_historico_temperatura,True,626,categoria_historica_temperatura;maximo_historico_temperatura;media_historica_temperatura;minimo_historico_temperatura;rango_historico_temperatura
minuto_local,False,,
minuto_utc,False,,
modo_operacion_sistema,False,,
moho_hr_critica_hormigon,False,,
moho_hr_critica_madera,False,,
moho_hr_critica_yeso,False,,
moho_temp_optima_crecimiento,False,,
moho_tiempo_critico,False,,
moho_vtt_alto_riesgo,True,649,moho_vtt_alto_riesgo;moho_vtt_sin_riesgo
moho_vtt_crecimiento_activo,False,,
moho_vtt_inicio_crecimiento,False,,
moho_vtt_sin_riesgo,True,649,moho_vtt_alto_riesgo;moho_vtt_sin_riesgo
monin_obukhov_L,True,659,monin_obukhov_L;monin_obukhov_cp;monin_obukhov_g;monin_obukhov_kappa;monin_obukhov_u_star;monin_obukhov_z0;monin_obukhov_zeta
monin_obukhov_cp,True,659,monin_obukhov_L;monin_obukhov_cp;monin_obukhov_g;monin_obukhov_kappa;monin_obukhov_u_star;monin_obukhov_z0;monin_obukhov_zeta
monin_obukhov_estabilidad,False,,
monin_obukhov_g,True,659,monin_obukhov_L;monin_obukhov_cp;monin_obukhov_g;monin_obukhov_kappa;monin_obukhov_u_star;monin_obukhov_z0;monin_obukhov_zeta
monin_obukhov_iteraciones,False,,
monin_obukhov_kappa,True,659,monin_obukhov_L;monin_obukhov_cp;monin_obukhov_g;monin_obukhov_kappa;monin_obukhov_u_star;monin_obukhov_z0;monin_obukhov_zeta
monin_obukhov_u_star,True,659,monin_obukhov_L;monin_obukhov_cp;monin_obukhov_g;monin_obukhov_kappa;monin_obukhov_u_star;monin_obukhov_z0;monin_obukhov_zeta
monin_obukhov_z0,True,659,monin_obukhov_L;monin_obukhov_cp;monin_obukhov_g;monin_obukhov_kappa;monin_obukhov_u_star;monin_obukhov_z0;monin_obukhov_zeta
monin_obukhov_zeta,True,659,monin_obukhov_L;monin_obukhov_cp;monin_obukhov_g;monin_obukhov_kappa;monin_obukhov_u_star;monin_obukhov_z0;monin_obukhov_zeta
mse_temperatura,True,106,bias_temperatura;isa_temperatura;mae_temperatura;mse_temperatura;rmse_temperatura;z_score_temperatura
necesita_calibracion_temperatura,False,,
necesita_riego,False,,
nieve_fuerte,False,,
nieve_ligera,False,,
nieve_moderada,False,,
nivel_condensacion_libre_m,False,,
nombre_dia_semana,False,,
nombre_fase_lunar,False,,
nombre_ubicacion,False,,
nubosidad_estimada_depresion,False,,
numero_avogadro,False,,
numero_reynolds_ala,False,,
numero_richardson,False,,
oblicuidad_ecliptica,False,,
offset_c_a_k,True,677,offset_c_a_k;offset_f_a_c
offset_f_a_c,True,677,offset_c_a_k;offset_f_a_c
opacidad_nube,False,,
optimo_ventilacion_natural,False,,
origen_coordenadas,False,,
outlier_general_detectado,False,,
outlier_humedad_detectado,False,,
outlier_presion_detectado,False,,
outlier_temperatura_detectado,False,,
ozono_columna_dobson_du,False,,
ozono_latitud_dependencia,False,,
ozono_variacion_A,True,688,ozono_variacion_A;ozono_variacion_B;ozono_variacion_C
ozono_variacion_B,True,688,ozono_variacion_A;ozono_variacion_B;ozono_variacion_C
ozono_variacion_C,True,688,ozono_variacion_A;ozono_variacion_B;ozono_variacion_C
page_k_secado_lento,False,,
page_k_secado_rapido,False,,
page_mr_equilibrio,False,,
page_mr_inicial,False,,
page_n_exponente,False,,
pais,False,,
parametro_estabilidad_zeta,False,,
pasquill_clase_a_muy_inestable,True,698,pasquill_clase_a_muy_inestable;pasquill_clase_b_inestable;pasquill_clase_d_neutral;pasquill_clase_e_estable;pasquill_clase_f_muy_estable
pasquill_clase_b_inestable,True,698,pasquill_clase_a_muy_inestable;pasquill_clase_b_inestable;pasquill_clase_d_neutral;pasquill_clase_e_estable;pasquill_clase_f_muy_estable
pasquill_clase_c_ligeramente_inestable,False,,
pasquill_clase_d_neutral,True,698,pasquill_clase_a_muy_inestable;pasquill_clase_b_inestable;pasquill_clase_d_neutral;pasquill_clase_e_estable;pasquill_clase_f_muy_estable
pasquill_clase_e_estable,True,698,pasquill_clase_a_muy_inestable;pasquill_clase_b_inestable;pasquill_clase_d_neutral;pasquill_clase_e_estable;pasquill_clase_f_muy_estable
pasquill_clase_f_muy_estable,True,698,pasquill_clase_a_muy_inestable;pasquill_clase_b_inestable;pasquill_clase_d_neutral;pasquill_clase_e_estable;pasquill_clase_f_muy_estable
pasquill_sigma_y_a,True,704,pasquill_sigma_y_a;pasquill_sigma_z_a
pasquill_sigma_z_a,True,704,pasquill_sigma_y_a;pasquill_sigma_z_a
pendiente_clausius_clapeyron,False,,
pendiente_curva_presion_vapor,False,,
pendiente_presion_vapor_delta,False,,
percentil_10_temperatura,True,709,percentil_10_temperatura;percentil_25_temperatura;percentil_50_temperatura_mediana;percentil_75_temperatura;percentil_90_temperatura;percentil_95_temperatura;percentil_99_temperatura;percentil_actual_temperatura;precision_actual_temperatura;precision_nominal_temperatura
percentil_25_temperatura,True,709,percentil_10_temperatura;percentil_25_temperatura;percentil_50_temperatura_mediana;percentil_75_temperatura;percentil_90_temperatura;percentil_95_temperatura;percentil_99_temperatura;percentil_actual_temperatura;precision_actual_temperatura;precision_nominal_temperatura
percentil_50_temperatura_mediana,True,709,percentil_10_temperatura;percentil_25_temperatura;percentil_50_temperatura_mediana;percentil_75_temperatura;percentil_90_temperatura;percentil_95_temperatura;percentil_99_temperatura;percentil_actual_temperatura;precision_actual_temperatura;precision_nominal_temperatura
percentil_75_temperatura,True,709,percentil_10_temperatura;percentil_25_temperatura;percentil_50_temperatura_mediana;percentil_75_temperatura;percentil_90_temperatura;percentil_95_temperatura;percentil_99_temperatura;percentil_actual_temperatura;precision_actual_temperatura;precision_nominal_temperatura
percentil_90_temperatura,True,709,percentil_10_temperatura;percentil_25_temperatura;percentil_50_temperatura_mediana;percentil_75_temperatura;percentil_90_temperatura;percentil_95_temperatura;percentil_99_temperatura;percentil_actual_temperatura;precision_actual_temperatura;precision_nominal_temperatura
percentil_95_temperatura,True,709,percentil_10_temperatura;percentil_25_temperatura;percentil_50_temperatura_mediana;percentil_75_temperatura;percentil_90_temperatura;percentil_95_temperatura;percentil_99_temperatura;percentil_actual_temperatura;precision_actual_temperatura;precision_nominal_temperatura
percentil_99_temperatura,True,709,percentil_10_temperatura;percentil_25_temperatura;percentil_50_temperatura_mediana;percentil_75_temperatura;percentil_90_temperatura;percentil_95_temperatura;percentil_99_temperatura;percentil_actual_temperatura;precision_actual_temperatura;precision_nominal_temperatura
percentil_actual_temperatura,True,709,percentil_10_temperatura;percentil_25_temperatura;percentil_50_temperatura_mediana;percentil_75_temperatura;percentil_90_temperatura;percentil_95_temperatura;percentil_99_temperatura;percentil_actual_temperatura;precision_actual_temperatura;precision_nominal_temperatura
perdida_calor_conveccion,False,,
perdida_calor_difusion_piel,False,,
perdida_calor_radiacion,True,719,perdida_calor_radiacion;perdida_calor_sudoracion
perdida_calor_respiracion_latente,True,720,perdida_calor_respiracion_latente;perdida_calor_respiracion_sensible
perdida_calor_respiracion_sensible,True,720,perdida_calor_respiracion_latente;perdida_calor_respiracion_sensible
perdida_calor_sudoracion,True,719,perdida_calor_radiacion;perdida_calor_sudoracion
perdida_conveccion_W,False,,
perdida_evaporacion_W,False,,
perdida_radiacion_W,False,,
perdida_temperatura_panel,False,,
performance_ratio_fotovoltaica,False,,
periodo_oscilacion_buoyancia,False,,
persistencia_termica_dias,False,,
physics_engine_version,False,,
pm10_buena,False,,
pm10_excelente,True,732,pm10_excelente;pm25_excelente
pm10_moderada,True,733,pm10_moderada;pm25_moderada
pm10_muy_pobre,True,734,pm10_muy_pobre;pm10_pobre;pm25_muy_pobre;pm25_pobre
pm10_nivel,False,,
pm10_pobre,True,734,pm10_muy_pobre;pm10_pobre;pm25_muy_pobre;pm25_pobre
pm25_buena,False,,
pm25_excelente,True,732,pm10_excelente;pm25_excelente
pm25_extremadamente_pobre,False,,
pm25_moderada,True,733,pm10_moderada;pm25_moderada
pm25_muy_pobre,True,734,pm10_muy_pobre;pm10_pobre;pm25_muy_pobre;pm25_pobre
pm25_nivel,False,,
pm25_pobre,True,734,pm10_muy_pobre;pm10_pobre;pm25_muy_pobre;pm25_pobre
pmv_calido,False,,
pmv_caluroso,True,745,pmv_caluroso;pmv_muy_caluroso
pmv_categoria,False,,
pmv_fanger,False,,
pmv_fresco,False,,
pmv_frio,False,,
pmv_muy_caluroso,True,745,pmv_caluroso;pmv_muy_caluroso
pmv_muy_frio,False,,
pmv_neutral,False,,
potencia_eolica_estimada,False,,
potencia_inducida_W,False,,
potencia_parasita_W,False,,
potencia_requerida_vuelo_W,False,,
potencia_solar_instantanea,False,,
potencial_enfriamiento_natural,False,,
potencial_mezcla,False,,
ppd_fanger,True,760,ppd_fanger;ppd_fanger_pct
ppd_fanger_pct,True,760,ppd_fanger;ppd_fanger_pct
precision_actual_temperatura,True,709,percentil_10_temperatura;percentil_25_temperatura;percentil_50_temperatura_mediana;percentil_75_temperatura;percentil_90_temperatura;percentil_95_temperatura;percentil_99_temperatura;percentil_actual_temperatura;precision_actual_temperatura;precision_nominal_temperatura
precision_nominal_temperatura,True,709,percentil_10_temperatura;percentil_25_temperatura;percentil_50_temperatura_mediana;percentil_75_temperatura;percentil_90_temperatura;percentil_95_temperatura;percentil_99_temperatura;percentil_actual_temperatura;precision_actual_temperatura;precision_nominal_temperatura
presion_aire_seco,False,,
presion_critica_agua,False,,
presion_everest,False,,
presion_nivel_mar,True,547,isa_presion_nivel_mar;presion_nivel_mar
presion_nivel_mar_calculada,False,,
presion_parcial_vapor_critica,False,,
presion_raw,False,,
presion_record_alto,True,771,presion_record_alto;presion_record_bajo
presion_record_bajo,True,771,presion_record_alto;presion_record_bajo
presion_referencia_psicrometria,True,773,presion_referencia_psicrometria;temp_referencia_psicrometria
presion_saturacion_vapor_magnus,False,,
presion_vapor_actual,False,,
presion_vapor_saturacion,False,,
probabilidad_calor_extremo_proximo_dia,False,,
probabilidad_helada_proxima_noche,False,,
probabilidad_lluvia_continua_proxima_6h,True,779,probabilidad_lluvia_continua_proxima_6h;probabilidad_lluvia_proxima_24h
probabilidad_lluvia_proxima_24h,True,779,probabilidad_lluvia_continua_proxima_6h;probabilidad_lluvia_proxima_24h
probabilidad_tormenta_severa,False,,
produccion_metabolica_W,False,,
punto_rocio,False,,
radiacion_cielo_despejado,False,,
radiacion_cielo_nublado,False,,
radiacion_cielo_parcial,False,,
radiacion_constante_solar,False,,
radiacion_extraterrestre,True,788,radiacion_extraterrestre;radiacion_extraterrestre_wm2
radiacion_extraterrestre_wm2,True,788,radiacion_extraterrestre;radiacion_extraterrestre_wm2
radiacion_infrarroja_neta_globo_W,False,,
radiacion_neta_onda_corta,True,791,radiacion_neta_onda_corta;radiacion_neta_onda_larga
radiacion_neta_onda_larga,True,791,radiacion_neta_onda_corta;radiacion_neta_onda_larga
radiacion_neta_total,False,,
radiacion_nocturna,False,,
radiacion_pico_detectada,False,,
radiacion_raw,False,,
radiacion_solar_absorbida_globo_W,False,,
radio_medio_tierra,False,,
radio_tierra_ecuatorial,False,,
radio_tierra_polar,False,,
rango_historico_temperatura,True,626,categoria_historica_temperatura;maximo_historico_temperatura;media_historica_temperatura;minimo_historico_temperatura;rango_historico_temperatura
rango_intercuartil_temperatura,False,,
ratio_masas_moleculares,False,,
ratio_precipitacion_temperatura,False,,
ratio_temperatura_sutherland,False,,
razon_mezcla_saturacion,False,,
recomendacion_moho,False,,
recomendacion_ventilacion,False,,
recurso_eolico,False,,
refraccion_atmosferica,False,,
rendimiento_panel_solar,False,,
rendimiento_solar_relativo,False,,
renovaciones_hora_ach,False,,
resistencia_aerodinamica,True,814,resistencia_aerodinamica;resistencia_aerodinamica_ra
resistencia_aerodinamica_ra,True,814,resistencia_aerodinamica;resistencia_aerodinamica_ra
resistencia_estomatal_cultivo_ref,False,,
resistencia_estomatal_rs,False,,
resuspension_viento_factor,False,,
richardson_Ri,False,,
richardson_bulk_Ri_B,False,,
richardson_estabilidad,True,821,richardson_estabilidad;richardson_estable;richardson_inestable;richardson_muy_inestable;richardson_neutral
richardson_estable,True,821,richardson_estabilidad;richardson_estable;richardson_inestable;richardson_muy_inestable;richardson_neutral
richardson_inestable,True,821,richardson_estabilidad;richardson_estable;richardson_inestable;richardson_muy_inestable;richardson_neutral
richardson_muy_inestable,True,821,richardson_estabilidad;richardson_estable;richardson_inestable;richardson_muy_inestable;richardson_neutral
richardson_neutral,True,821,richardson_estabilidad;richardson_estable;richardson_inestable;richardson_muy_inestable;richardson_neutral
richardson_number,False,,
riesgo_calor,False,,
riesgo_condensacion_ventanas,False,,
riesgo_frio,False,,
riesgo_helada,False,,
riesgo_inversion_termica,False,,
riesgo_moho,True,833,riesgo_moho;riesgo_moho_activo;riesgo_moho_pct;vtt_riesgo_moho
riesgo_moho_activo,True,833,riesgo_moho;riesgo_moho_activo;riesgo_moho_pct;vtt_riesgo_moho
riesgo_moho_pct,True,833,riesgo_moho;riesgo_moho_activo;riesgo_moho_pct;vtt_riesgo_moho
riesgo_niebla_gultepe_pct,False,,
riesgo_plagas_agricolas,False,,
riesgo_tormenta,False,,
rmse_temperatura,True,106,bias_temperatura;isa_temperatura;mae_temperatura;mse_temperatura;rmse_temperatura;z_score_temperatura
romps_condensacion,False,,
romps_lcl,False,,
romps_nubosidad,False,,
romps_rh_critica,False,,
rugosidad_superficie,False,,
rugosidad_termica_z0h,False,,
ruido_moderado,False,,
ruido_molesto,False,,
ruido_muy_silencioso,True,848,ruido_muy_silencioso;ruido_silencio_absoluto;ruido_silencioso
ruido_silencio_absoluto,True,848,ruido_muy_silencioso;ruido_silencio_absoluto;ruido_silencioso
ruido_silencioso,True,848,ruido_muy_silencioso;ruido_silencio_absoluto;ruido_silencioso
salud_edificio_aceptable,False,,
salud_edificio_buena,True,851,salud_edificio_buena;salud_edificio_mala;salud_edificio_muy_buena;salud_edificio_pobre
salud_edificio_excelente,False,,
salud_edificio_mala,True,851,salud_edificio_buena;salud_edificio_mala;salud_edificio_muy_buena;salud_edificio_pobre
salud_edificio_muy_buena,True,851,salud_edificio_buena;salud_edificio_mala;salud_edificio_muy_buena;salud_edificio_pobre
salud_edificio_pobre,True,851,salud_edificio_buena;salud_edificio_mala;salud_edificio_muy_buena;salud_edificio_pobre
saturacion_vapor_elite,True,856,saturacion_vapor_elite;saturacion_vapor_elite_hpa
saturacion_vapor_elite_hpa,True,856,saturacion_vapor_elite;saturacion_vapor_elite_hpa
score_inercia_termica,True,529,inercia_termica;score_inercia_termica
secciones_totales,False,,
seeing_arcsec,False,,
seeing_categoria,False,,
seeing_termico,False,,
segundo_utc,False,,
semana_del_ano,False,,
seno_elevacion_solar,True,297,elevacion_solar;seno_elevacion_solar
sensacion_termica_cetrera,False,,
sensibilidad_material,False,,
sequia_componente_hr,True,868,sequia_componente_hr;sequia_componente_temp;sequia_componente_vpd
sequia_componente_temp,True,868,sequia_componente_hr;sequia_componente_temp;sequia_componente_vpd
sequia_componente_vpd,True,868,sequia_componente_hr;sequia_componente_temp;sequia_componente_vpd
severidad_estimada_tormenta,False,,
spread_700hpa,False,,
stefan_boltzmann_fao56,True,873,stefan_boltzmann_fao56;stefan_boltzmann_si
stefan_boltzmann_si,True,873,stefan_boltzmann_fao56;stefan_boltzmann_si
suelo_capacidad_campo,False,,
suelo_marchitez_permanente,False,,
suelo_punto_marchitez,False,,
suelo_saturacion,False,,
suma_termica_anual,False,,
supresion_humedad_factor,False,,
tasa_enfriamiento_estimada,False,,
tau_wagner,False,,
temp_500hpa_c,True,883,temp_500hpa_c;temp_700hpa_c;temp_850hpa_c
temp_700hpa_c,True,883,temp_500hpa_c;temp_700hpa_c;temp_850hpa_c
temp_850hpa_c,True,883,temp_500hpa_c;temp_700hpa_c;temp_850hpa_c
temp_absoluta_cero,False,,
temp_adiabatica_1000m,True,887,temp_adiabatica_1000m;temp_adiabatica_2000m
temp_adiabatica_2000m,True,887,temp_adiabatica_1000m;temp_adiabatica_2000m
temp_maxima_superficie_tierra,True,889,temp_maxima_superficie_tierra;temp_minima_superficie_tierra
temp_minima_superficie_tierra,True,889,temp_maxima_superficie_tierra;temp_minima_superficie_tierra
temp_punto_ebullicion_agua,False,,
temp_punto_triple_agua,False,,
temp_referencia_psicrometria,True,773,presion_referencia_psicrometria;temp_referencia_psicrometria
temperatura_100m_c,False,,
temperatura_aparente,False,,
temperatura_bulbo_humedo_natural_Tnwb,False,,
temperatura_condensacion_K,False,,
temperatura_confort_neutral_ashrae,False,,
temperatura_critica_agua,False,,
temperatura_diamond,False,,
temperatura_globo_negro_Tg,False,,
temperatura_kelvin,False,,
temperatura_maxima_dia,True,903,temperatura_maxima_dia;temperatura_minima_dia
temperatura_media_ciclo,False,,
temperatura_minima_dia,True,903,temperatura_maxima_dia;temperatura_minima_dia
temperatura_nivel_mar_isa,True,549,isa_temperatura_nivel_mar;temperatura_nivel_mar_isa
temperatura_operativa,True,907,temperatura_operativa;temperatura_operativa_ashrae
temperatura_operativa_ashrae,True,907,temperatura_operativa;temperatura_operativa_ashrae
temperatura_parcela_500hpa,False,,
temperatura_piel_estimada_K,False,,
temperatura_punto_rocio_exterior,False,,
temperatura_radiante_media,False,,
temperatura_raw,True,913,temperatura_raw;temperatura_virtual;temperatura_virtual_laplace
temperatura_running_mean_exterior,False,,
temperatura_suelo_extrapolada,False,,
temperatura_superficie_ropa_tcl,False,,
temperatura_virtual,True,913,temperatura_raw;temperatura_virtual;temperatura_virtual_laplace
temperatura_virtual_correccion,True,918,temperatura_virtual_correccion;temperatura_virtual_corregida
temperatura_virtual_corregida,True,918,temperatura_virtual_correccion;temperatura_virtual_corregida
temperatura_virtual_laplace,True,913,temperatura_raw;temperatura_virtual;temperatura_virtual_laplace
tendencia_humedad_1h,True,921,tendencia_humedad_1h;tendencia_humedad_3h;tendencia_humedad_suelo
tendencia_humedad_3h,True,921,tendencia_humedad_1h;tendencia_humedad_3h;tendencia_humedad_suelo
tendencia_humedad_suelo,True,921,tendencia_humedad_1h;tendencia_humedad_3h;tendencia_humedad_suelo
tendencia_presion,True,924,tendencia_presion;tendencia_presion_1h;tendencia_presion_3h
tendencia_presion_1h,True,924,tendencia_presion;tendencia_presion_1h;tendencia_presion_3h
tendencia_presion_3h,True,924,tendencia_presion;tendencia_presion_1h;tendencia_presion_3h
tendencia_radiacion,False,,
tendencia_temperatura_1h,True,928,tendencia_temperatura_1h;tendencia_temperatura_3h
tendencia_temperatura_3h,True,928,tendencia_temperatura_1h;tendencia_temperatura_3h
tendencia_transmitancia,False,,
tendencia_viento,False,,
thi_ganado,False,,
threshold_z_score_outlier,False,,
tiempo_critico_moho_dias,False,,
tiempo_limpieza_aire,False,,
tiempo_llegada_tormenta_min,False,,
timestamp_publicacion_bus,False,,
timestamp_unix,False,,
timestamp_utc,False,,
timezone,False,,
tipo_aerosol,False,,
tipo_cobertura_suelo,False,,
tipo_nube_identificado,False,,
tope_cape_max,True,944,tope_cape_max;tope_cape_min
tope_cape_min,True,944,tope_cape_max;tope_cape_min
tope_energia_max,True,946,tope_energia_max;tope_energia_min
tope_energia_min,True,946,tope_energia_max;tope_energia_min
tope_estabilidad_max,True,948,tope_estabilidad_max;tope_estabilidad_min
tope_estabilidad_min,True,948,tope_estabilidad_max;tope_estabilidad_min
tope_humedad_max,True,576,limite_humedad_max;limite_humedad_min;tope_humedad_max;tope_humedad_min
tope_humedad_min,True,576,limite_humedad_max;limite_humedad_min;tope_humedad_max;tope_humedad_min
tope_indice_generico_max,True,952,tope_indice_generico_max;tope_indice_generico_min
tope_indice_generico_min,True,952,tope_indice_generico_max;tope_indice_generico_min
tope_presion_max,True,954,tope_presion_max;tope_presion_min
tope_presion_min,True,954,tope_presion_max;tope_presion_min
tope_radiacion_max,True,956,tope_radiacion_max;tope_radiacion_min
tope_radiacion_min,True,956,tope_radiacion_max;tope_radiacion_min
tope_temperatura_max,True,958,tope_temperatura_max;tope_temperatura_min
tope_temperatura_min,True,958,tope_temperatura_max;tope_temperatura_min
tope_viento_max,True,960,tope_viento_max;tope_viento_min
tope_viento_min,True,960,tope_viento_max;tope_viento_min
tope_zeta_max,True,962,tope_zeta_max;tope_zeta_min
tope_zeta_min,True,962,tope_zeta_max;tope_zeta_min
transmitancia_aerosoles_uv,False,,
transmitancia_atmosferica,False,,
transmitancia_termica_media_edificio,False,,
turbidez_linke_aire_contaminado,False,,
turbidez_linke_aire_industrial,False,,
turbidez_linke_aire_limpio,True,969,turbidez_linke_aire_limpio;turbidez_linke_aire_puro
turbidez_linke_aire_puro,True,969,turbidez_linke_aire_limpio;turbidez_linke_aire_puro
turbulencia_kolmogorov_L0,False,,
umbral_alerta_tormenta,False,,
umbral_calor,False,,
umbral_calor_extremo,True,974,umbral_calor_extremo;umbral_frio_extremo
umbral_frio,False,,
umbral_frio_extremo,True,974,umbral_calor_extremo;umbral_frio_extremo
umbral_helada,False,,
umbral_presion_baja,False,,
umbral_rachas_peligrosas,False,,
urgencia_riego,False,,
urgencia_ventilacion,False,,
utci,False,,
utci_categoria_estrés,False,,
utci_delta_radiante_max,True,984,utci_delta_radiante_max;utci_delta_radiante_min
utci_delta_radiante_min,True,984,utci_delta_radiante_max;utci_delta_radiante_min
utci_estres_calor_extremo,True,986,utci_estres_calor_extremo;utci_estres_calor_fuerte;utci_estres_calor_muy_fuerte;utci_estres_frio_extremo;utci_estres_frio_fuerte;utci_estres_frio_muy_fuerte
utci_estres_calor_fuerte,True,986,utci_estres_calor_extremo;utci_estres_calor_fuerte;utci_estres_calor_muy_fuerte;utci_estres_frio_extremo;utci_estres_frio_fuerte;utci_estres_frio_muy_fuerte
utci_estres_calor_moderado,True,988,utci_estres_calor_moderado;utci_estres_frio_moderado
utci_estres_calor_muy_fuerte,True,986,utci_estres_calor_extremo;utci_estres_calor_fuerte;utci_estres_calor_muy_fuerte;utci_estres_frio_extremo;utci_estres_frio_fuerte;utci_estres_frio_muy_fuerte
utci_estres_frio_extremo,True,986,utci_estres_calor_extremo;utci_estres_calor_fuerte;utci_estres_calor_muy_fuerte;utci_estres_frio_extremo;utci_estres_frio_fuerte;utci_estres_frio_muy_fuerte
utci_estres_frio_fuerte,True,986,utci_estres_calor_extremo;utci_estres_calor_fuerte;utci_estres_calor_muy_fuerte;utci_estres_frio_extremo;utci_estres_frio_fuerte;utci_estres_frio_muy_fuerte
utci_estres_frio_moderado,True,988,utci_estres_calor_moderado;utci_estres_frio_moderado
utci_estres_frio_muy_fuerte,True,986,utci_estres_calor_extremo;utci_estres_calor_fuerte;utci_estres_calor_muy_fuerte;utci_estres_frio_extremo;utci_estres_frio_fuerte;utci_estres_frio_muy_fuerte
utci_polynomial,False,,
utci_sin_estres_termico,False,,
utci_temp_max,True,996,utci_temp_max;utci_temp_min;utci_vp_max;utci_vp_min
utci_temp_min,True,996,utci_temp_max;utci_temp_min;utci_vp_max;utci_vp_min
utci_viento_max,True,998,utci_viento_max;utci_viento_min
utci_viento_min,True,998,utci_viento_max;utci_viento_min
utci_vp_max,True,996,utci_temp_max;utci_temp_min;utci_vp_max;utci_vp_min
utci_vp_min,True,996,utci_temp_max;utci_temp_min;utci_vp_max;utci_vp_min
uv_alto,False,,
uv_bajo,False,,
uv_extremo,False,,
uv_moderado,False,,
uv_muy_alto,False,,
variabilidad_presion_3h,False,,
varianza_temperatura,False,,
velocidad_corte_entrada,True,1009,velocidad_corte_entrada;velocidad_corte_salida
velocidad_corte_salida,True,1009,velocidad_corte_entrada;velocidad_corte_salida
velocidad_evaporacion,False,,
velocidad_friccion,True,1012,velocidad_friccion;velocidad_friccion_ustar
velocidad_friccion_ustar,True,1012,velocidad_friccion;velocidad_friccion_ustar
velocidad_luz,False,,
velocidad_luz_vacio,False,,
velocidad_nominal_turbina,False,,
velocidad_optima_vuelo_ms,False,,
velocidad_rachas_detectada,False,,
velocidad_rotacion_tierra,False,,
velocidad_sonido_ms,False,,
velocidad_stall_ms,False,,
velocidad_ventilacion_bernoulli,False,,
ventana_deteccion_anomalias,False,,
ventilacion_ACH_renovaciones_h,False,,
ventilacion_adecuada,False,,
ventilacion_caudal_ls,False,,
ventilacion_ideal_co2,True,1027,ventilacion_ideal_co2;ventilacion_ideal_temp
ventilacion_ideal_humedad,False,,
ventilacion_ideal_temp,True,1027,ventilacion_ideal_co2;ventilacion_ideal_temp
viento_100m_ms,False,,
viento_ajustado_10m,False,,
viento_brisa_ligera,False,,
viento_brisa_moderada,False,,
viento_calma,False,,
viento_cetreria_score,False,,
viento_componente_favorable_ms,False,,
viento_huracan_cat1,True,1037,viento_huracan_cat1;viento_huracan_cat5
viento_huracan_cat5,True,1037,viento_huracan_cat1;viento_huracan_cat5
viento_optimo_cetreria,False,,
viento_raw,False,,
viento_record_mundial,False,,
viento_temporal,False,,
viento_vendaval,False,,
viento_viento_fuerte,False,,
virial_b11_coef,True,1045,virial_b11_coef;virial_b12_coef;virial_b22_coef
virial_b12_coef,True,1045,virial_b11_coef;virial_b12_coef;virial_b22_coef
virial_b22_coef,True,1045,virial_b11_coef;virial_b12_coef;virial_b22_coef
viscosidad_referencia,False,,
viscosidad_sutherland,False,,
visibilidad_buena,True,1050,visibilidad_buena;visibilidad_muy_buena;visibilidad_pobre
visibilidad_categoria,False,,
visibilidad_cetreria_score,False,,
visibilidad_excelente,False,,
visibilidad_gultepe_m,False,,
visibilidad_kasten_hanel_km,False,,
visibilidad_km,True,1056,visibilidad_km;visibilidad_m
visibilidad_kneizys_km,False,,
visibilidad_m,True,1056,visibilidad_km;visibilidad_m
visibilidad_minima_cetreria,False,,
visibilidad_moderada,False,,
visibilidad_muy_buena,True,1050,visibilidad_buena;visibilidad_muy_buena;visibilidad_pobre
visibilidad_niebla,False,,
visibilidad_pobre,True,1050,visibilidad_buena;visibilidad_muy_buena;visibilidad_pobre
vpd,False,,
vpd_pa,False,,
vtt_hr_critica,False,,
vtt_indice_moho,False,,
vtt_riesgo_moho,True,833,riesgo_moho;riesgo_moho_activo;riesgo_moho_pct;vtt_riesgo_moho
wbgt,False,,
wbgt_absorptivity_globe,False,,
wbgt_componente_bulbo_humedo,False,,
wbgt_componente_globo,False,,
wbgt_diameter_globe,False,,
wbgt_diameter_wick,False,,
wbgt_emis_globe,False,,
wbgt_emis_wick,False,,
wbgt_estres_alto,True,1077,wbgt_estres_alto;wbgt_estres_bajo
wbgt_estres_bajo,True,1077,wbgt_estres_alto;wbgt_estres_bajo
wbgt_estres_extremo,False,,
wbgt_estres_moderado,False,,
wbgt_indoor,False,,
wbgt_liljegren,True,1082,wbgt_liljegren;wbgt_liljegren_c
wbgt_liljegren_c,True,1082,wbgt_liljegren;wbgt_liljegren_c
wbgt_peso_ta_outdoor,True,1084,wbgt_peso_ta_outdoor;wbgt_peso_tg_indoor;wbgt_peso_tg_outdoor;wbgt_peso_tnwb_indoor;wbgt_peso_tnwb_outdoor
wbgt_peso_tg_indoor,True,1084,wbgt_peso_ta_outdoor;wbgt_peso_tg_indoor;wbgt_peso_tg_outdoor;wbgt_peso_tnwb_indoor;wbgt_peso_tnwb_outdoor
wbgt_peso_tg_outdoor,True,1084,wbgt_peso_ta_outdoor;wbgt_peso_tg_indoor;wbgt_peso_tg_outdoor;wbgt_peso_tnwb_indoor;wbgt_peso_tnwb_outdoor
wbgt_peso_tnwb_indoor,True,1084,wbgt_peso_ta_outdoor;wbgt_peso_tg_indoor;wbgt_peso_tg_outdoor;wbgt_peso_tnwb_indoor;wbgt_peso_tnwb_outdoor
wbgt_peso_tnwb_outdoor,True,1084,wbgt_peso_ta_outdoor;wbgt_peso_tg_indoor;wbgt_peso_tg_outdoor;wbgt_peso_tnwb_indoor;wbgt_peso_tnwb_outdoor
wbgt_sigma_stefan_boltzmann,False,,
wbgt_sin_estres,False,,
wbgt_ta_component,False,,
wbgt_tg,False,,
wbgt_tnwb,False,,
wexler_coef_g0_agua,True,1094,wexler_coef_g0_agua;wexler_coef_g1_agua;wexler_coef_g2_agua;wexler_coef_g3_agua;wexler_coef_g4_agua;wexler_coef_g5_agua;wexler_coef_g6_agua;wexler_coef_g7_agua;wexler_g0_agua;wexler_g1_agua;wexler_g2_agua;wexler_g3_agua;wexler_g4_agua;wexler_g5_agua;wexler_g6_agua;wexler_g7_agua
wexler_coef_g0_hielo,True,1095,wexler_coef_g0_hielo;wexler_coef_g1_hielo
wexler_coef_g1_agua,True,1094,wexler_coef_g0_agua;wexler_coef_g1_agua;wexler_coef_g2_agua;wexler_coef_g3_agua;wexler_coef_g4_agua;wexler_coef_g5_agua;wexler_coef_g6_agua;wexler_coef_g7_agua;wexler_g0_agua;wexler_g1_agua;wexler_g2_agua;wexler_g3_agua;wexler_g4_agua;wexler_g5_agua;wexler_g6_agua;wexler_g7_agua
wexler_coef_g1_hielo,True,1095,wexler_coef_g0_hielo;wexler_coef_g1_hielo
wexler_coef_g2_agua,True,1094,wexler_coef_g0_agua;wexler_coef_g1_agua;wexler_coef_g2_agua;wexler_coef_g3_agua;wexler_coef_g4_agua;wexler_coef_g5_agua;wexler_coef_g6_agua;wexler_coef_g7_agua;wexler_g0_agua;wexler_g1_agua;wexler_g2_agua;wexler_g3_agua;wexler_g4_agua;wexler_g5_agua;wexler_g6_agua;wexler_g7_agua
wexler_coef_g3_agua,True,1094,wexler_coef_g0_agua;wexler_coef_g1_agua;wexler_coef_g2_agua;wexler_coef_g3_agua;wexler_coef_g4_agua;wexler_coef_g5_agua;wexler_coef_g6_agua;wexler_coef_g7_agua;wexler_g0_agua;wexler_g1_agua;wexler_g2_agua;wexler_g3_agua;wexler_g4_agua;wexler_g5_agua;wexler_g6_agua;wexler_g7_agua
wexler_coef_g4_agua,True,1094,wexler_coef_g0_agua;wexler_coef_g1_agua;wexler_coef_g2_agua;wexler_coef_g3_agua;wexler_coef_g4_agua;wexler_coef_g5_agua;wexler_coef_g6_agua;wexler_coef_g7_agua;wexler_g0_agua;wexler_g1_agua;wexler_g2_agua;wexler_g3_agua;wexler_g4_agua;wexler_g5_agua;wexler_g6_agua;wexler_g7_agua
wexler_coef_g5_agua,True,1094,wexler_coef_g0_agua;wexler_coef_g1_agua;wexler_coef_g2_agua;wexler_coef_g3_agua;wexler_coef_g4_agua;wexler_coef_g5_agua;wexler_coef_g6_agua;wexler_coef_g7_agua;wexler_g0_agua;wexler_g1_agua;wexler_g2_agua;wexler_g3_agua;wexler_g4_agua;wexler_g5_agua;wexler_g6_agua;wexler_g7_agua
wexler_coef_g6_agua,True,1094,wexler_coef_g0_agua;wexler_coef_g1_agua;wexler_coef_g2_agua;wexler_coef_g3_agua;wexler_coef_g4_agua;wexler_coef_g5_agua;wexler_coef_g6_agua;wexler_coef_g7_agua;wexler_g0_agua;wexler_g1_agua;wexler_g2_agua;wexler_g3_agua;wexler_g4_agua;wexler_g5_agua;wexler_g6_agua;wexler_g7_agua
wexler_coef_g7_agua,True,1094,wexler_coef_g0_agua;wexler_coef_g1_agua;wexler_coef_g2_agua;wexler_coef_g3_agua;wexler_coef_g4_agua;wexler_coef_g5_agua;wexler_coef_g6_agua;wexler_coef_g7_agua;wexler_g0_agua;wexler_g1_agua;wexler_g2_agua;wexler_g3_agua;wexler_g4_agua;wexler_g5_agua;wexler_g6_agua;wexler_g7_agua
wexler_convergencia_tipica,False,,
wexler_error_tipico,False,,
wexler_g0_agua,True,1094,wexler_coef_g0_agua;wexler_coef_g1_agua;wexler_coef_g2_agua;wexler_coef_g3_agua;wexler_coef_g4_agua;wexler_coef_g5_agua;wexler_coef_g6_agua;wexler_coef_g7_agua;wexler_g0_agua;wexler_g1_agua;wexler_g2_agua;wexler_g3_agua;wexler_g4_agua;wexler_g5_agua;wexler_g6_agua;wexler_g7_agua
wexler_g1_agua,True,1094,wexler_coef_g0_agua;wexler_coef_g1_agua;wexler_coef_g2_agua;wexler_coef_g3_agua;wexler_coef_g4_agua;wexler_coef_g5_agua;wexler_coef_g6_agua;wexler_coef_g7_agua;wexler_g0_agua;wexler_g1_agua;wexler_g2_agua;wexler_g3_agua;wexler_g4_agua;wexler_g5_agua;wexler_g6_agua;wexler_g7_agua
wexler_g2_agua,True,1094,wexler_coef_g0_agua;wexler_coef_g1_agua;wexler_coef_g2_agua;wexler_coef_g3_agua;wexler_coef_g4_agua;wexler_coef_g5_agua;wexler_coef_g6_agua;wexler_coef_g7_agua;wexler_g0_agua;wexler_g1_agua;wexler_g2_agua;wexler_g3_agua;wexler_g4_agua;wexler_g5_agua;wexler_g6_agua;wexler_g7_agua
wexler_g3_agua,True,1094,wexler_coef_g0_agua;wexler_coef_g1_agua;wexler_coef_g2_agua;wexler_coef_g3_agua;wexler_coef_g4_agua;wexler_coef_g5_agua;wexler_coef_g6_agua;wexler_coef_g7_agua;wexler_g0_agua;wexler_g1_agua;wexler_g2_agua;wexler_g3_agua;wexler_g4_agua;wexler_g5_agua;wexler_g6_agua;wexler_g7_agua
wexler_g4_agua,True,1094,wexler_coef_g0_agua;wexler_coef_g1_agua;wexler_coef_g2_agua;wexler_coef_g3_agua;wexler_coef_g4_agua;wexler_coef_g5_agua;wexler_coef_g6_agua;wexler_coef_g7_agua;wexler_g0_agua;wexler_g1_agua;wexler_g2_agua;wexler_g3_agua;wexler_g4_agua;wexler_g5_agua;wexler_g6_agua;wexler_g7_agua
wexler_g5_agua,True,1094,wexler_coef_g0_agua;wexler_coef_g1_agua;wexler_coef_g2_agua;wexler_coef_g3_agua;wexler_coef_g4_agua;wexler_coef_g5_agua;wexler_coef_g6_agua;wexler_coef_g7_agua;wexler_g0_agua;wexler_g1_agua;wexler_g2_agua;wexler_g3_agua;wexler_g4_agua;wexler_g5_agua;wexler_g6_agua;wexler_g7_agua
wexler_g6_agua,True,1094,wexler_coef_g0_agua;wexler_coef_g1_agua;wexler_coef_g2_agua;wexler_coef_g3_agua;wexler_coef_g4_agua;wexler_coef_g5_agua;wexler_coef_g6_agua;wexler_coef_g7_agua;wexler_g0_agua;wexler_g1_agua;wexler_g2_agua;wexler_g3_agua;wexler_g4_agua;wexler_g5_agua;wexler_g6_agua;wexler_g7_agua
wexler_g7_agua,True,1094,wexler_coef_g0_agua;wexler_coef_g1_agua;wexler_coef_g2_agua;wexler_coef_g3_agua;wexler_coef_g4_agua;wexler_coef_g5_agua;wexler_coef_g6_agua;wexler_coef_g7_agua;wexler_g0_agua;wexler_g1_agua;wexler_g2_agua;wexler_g3_agua;wexler_g4_agua;wexler_g5_agua;wexler_g6_agua;wexler_g7_agua
wexler_k0_hielo,True,1114,wexler_k0_hielo;wexler_k1_hielo;wexler_k2_hielo;wexler_k3_hielo;wexler_k4_hielo;wexler_k5_hielo
wexler_k1_hielo,True,1114,wexler_k0_hielo;wexler_k1_hielo;wexler_k2_hielo;wexler_k3_hielo;wexler_k4_hielo;wexler_k5_hielo
wexler_k2_hielo,True,1114,wexler_k0_hielo;wexler_k1_hielo;wexler_k2_hielo;wexler_k3_hielo;wexler_k4_hielo;wexler_k5_hielo
wexler_k3_hielo,True,1114,wexler_k0_hielo;wexler_k1_hielo;wexler_k2_hielo;wexler_k3_hielo;wexler_k4_hielo;wexler_k5_hielo
wexler_k4_hielo,True,1114,wexler_k0_hielo;wexler_k1_hielo;wexler_k2_hielo;wexler_k3_hielo;wexler_k4_hielo;wexler_k5_hielo
wexler_k5_hielo,True,1114,wexler_k0_hielo;wexler_k1_hielo;wexler_k2_hielo;wexler_k3_hielo;wexler_k4_hielo;wexler_k5_hielo
wexler_max_iteraciones,False,,
wexler_rango_validez_max,True,1121,wexler_rango_validez_max;wexler_rango_validez_min
wexler_rango_validez_min,True,1121,wexler_rango_validez_max;wexler_rango_validez_min
wexler_tolerancia_convergencia,False,,
wind_chill,False,,
windchill_componente_interaccion,True,1126,windchill_componente_interaccion;windchill_componente_temp;windchill_componente_viento
windchill_componente_temp,True,1126,windchill_componente_interaccion;windchill_componente_temp;windchill_componente_viento
windchill_componente_viento,True,1126,windchill_componente_interaccion;windchill_componente_temp;windchill_componente_viento
z0_agua_mar_calma,False,,
z0_bosque,False,,
z0_cesped_corto,False,,
z0_ciudad,False,,
z0_cultivo_bajo,False,,
z_score_humedad,False,,
z_score_presion,False,,
z_score_temperatura,True,106,bias_temperatura;isa_temperatura;mae_temperatura;mse_temperatura;rmse_temperatura;z_score_temperatura
