T_C,hyland_Pa,virial_greenspan_Pa,magnus_Pa,pct_diff_virial,pct_diff_magnus
-40,0.000000,0.000000,18.421205,-1.012505,1030416957339.344604
-39,0.000000,0.000000,20.455446,-1.007467,1040616370645.012695
-38,0.000000,0.000000,22.690463,-1.002471,1050736800967.631348
-37,0.000000,0.000000,25.143636,-0.997517,1060778771235.369263
-36,0.000000,0.000000,27.833629,-0.992606,1070742853460.169434
-35,0.000000,0.000000,30.780467,-0.987735,1080629665843.822144
-34,0.000000,0.000000,34.005613,-0.982906,1090439869987.044922
-33,0.000000,0.000000,37.532057,-0.978116,1100174168199.961426
-32,0.000000,0.000000,41.384401,-0.973366,1109833300912.388916
-31,0.000000,0.000000,45.588950,-0.968655,1119418044182.245361
-30,0.000000,0.000000,50.173809,-0.963984,1128929207300.114258
-29,0.000000,0.000000,55.168982,-0.959350,1138367630488.018066
-28,0.000000,0.000000,60.606472,-0.954754,1147734182690.362549
-27,0.000000,0.000000,66.520390,-0.950195,1157029759454.976074
-26,0.000000,0.000000,72.947068,-0.945673,1166255280901.895752
-25,0.000000,0.000000,79.925170,-0.941188,1175411689777.894531
-24,0.000000,0.000000,87.495814,-0.936739,1184499949594.295410
-23,0.000000,0.000000,95.702697,-0.932325,1193521042845.950928
-22,0.000000,0.000000,104.592218,-0.927946,1202475969308.941406
-21,0.000000,0.000000,114.213619,-0.923602,1211365744414.786621
-20,0.000000,0.000000,124.619112,-0.919293,1220191397698.873047
-19,0.000000,0.000000,135.864028,-0.915017,1228953971320.724609
-18,0.000000,0.000000,148.006962,-0.910774,1237654518653.927490
-17,0.000000,0.000000,161.109920,-0.906565,1246294102943.349609
-16,0.000000,0.000000,175.238481,-0.902389,1254873796027.521484
-15,0.000000,0.000000,190.461949,-0.898245,1263394677123.890381
-14,0.000000,0.000000,206.853529,-0.894132,1271857831674.802490
-13,0.000000,0.000000,224.490486,-0.890052,1280264350252.074707
-12,0.000000,0.000000,243.454328,-0.886002,1288615327518.031982
-11,0.000000,0.000000,263.830983,-0.881984,1296911861240.940674
-10,0.000000,0.000000,285.710982,-0.877996,1305155051362.907715
-9,0.000000,0.000000,309.189654,-0.874038,1313345999118.065918
-8,0.000000,0.000000,334.367316,-0.870110,1321485806199.362305
-7,0.000000,0.000000,361.349474,-0.866211,1329575573971.875732
-6,0.000000,0.000000,390.247030,-0.862342,1337616402730.874512
-5,0.000000,0.000000,421.176492,-0.858502,1345609391002.899658
-4,0.000000,0.000000,454.260186,-0.854690,1353555634888.053467
-3,0.000000,0.000000,489.626479,-0.850906,1361456227441.746338
-2,0.000000,0.000000,527.410004,-0.847150,1369312258094.448975
-1,0.000000,0.000000,567.751891,-0.843422,1377124812107.650635
0,611.212867,606.080387,610.800000,-0.839721,-0.067549
1,657.071718,651.578292,656.709164,-0.836047,-0.055177
2,705.954442,700.078082,705.641434,-0.832399,-0.044338
3,758.031205,751.748807,757.766330,-0.828778,-0.034943
4,813.479949,806.767247,813.261096,-0.825183,-0.026903
5,872.486654,865.318178,872.310960,-0.821614,-0.020137
6,935.245602,927.594629,935.109403,-0.818071,-0.014563
7,1001.959647,993.798157,1001.858426,-0.814553,-0.010102
8,1072.840490,1064.139114,1072.768826,-0.811060,-0.006680
9,1148.108955,1138.836928,1148.060478,-0.807591,-0.004222
10,1227.995275,1218.120385,1227.962619,-0.804147,-0.002659
11,1312.739376,1302.227910,1312.714139,-0.800728,-0.001922
12,1402.591169,1391.407863,1402.563873,-0.797332,-0.001946
13,1497.810843,1485.918827,1497.770903,-0.793960,-0.002667
14,1598.669169,1586.029911,1598.604859,-0.790611,-0.004023
15,1705.447794,1692.021045,1705.346232,-0.787286,-0.005955
16,1818.439558,1804.183291,1818.286680,-0.783984,-0.008407
17,1937.948791,1922.819149,1937.729352,-0.780704,-0.011323
18,2064.291639,2048.242868,2063.989203,-0.777447,-0.014651
19,2197.796370,2180.780765,2197.393324,-0.774212,-0.018339
20,2338.803700,2320.771540,2338.281271,-0.770999,-0.022337
21,2487.667113,2468.566596,2487.005397,-0.767808,-0.026600
22,2644.753186,2624.530369,2643.931192,-0.764639,-0.031080
23,2810.441920,2789.040653,2809.437622,-0.761491,-0.035735
24,2985.127068,2962.488926,2983.917477,-0.758364,-0.040521
25,3169.216470,3145.280689,3167.777718,-0.755259,-0.045398
26,3363.132389,3337.835795,3361.439829,-0.752174,-0.050327
27,3567.311847,3540.588789,3565.340176,-0.749109,-0.055271
28,3782.206968,3753.989247,3779.930364,-0.746065,-0.060192
29,4008.285316,3978.502115,4005.677600,-0.743041,-0.065058
30,4246.030244,4214.608054,4243.065059,-0.740037,-0.069834
31,4495.941231,4462.803782,4492.592251,-0.737053,-0.074489
32,4758.534239,4723.602421,4754.775396,-0.734088,-0.078992
33,5034.342051,4997.533845,5030.147796,-0.731142,-0.083313
34,5323.914626,5285.145023,5319.260210,-0.728216,-0.087425
35,5627.819447,5587.000377,5622.681238,-0.725309,-0.091300
36,5946.641870,5903.682120,5940.997702,-0.722420,-0.094914
37,6280.985478,6235.790618,6274.815024,-0.719550,-0.098240
38,6631.472431,6583.944733,6624.757622,-0.716699,-0.101257
39,6998.743818,6948.782176,6991.469290,-0.713866,-0.103940
40,7383.460009,7330.959861,7375.613593,-0.711051,-0.106270
41,7786.301006,7731.154251,7777.874257,-0.708254,-0.108225
42,8207.966796,8150.061713,8198.955561,-0.705474,-0.109786
43,8649.177703,8588.398869,8639.582736,-0.702712,-0.110935
44,9110.674734,9046.902943,9100.502357,-0.699968,-0.111653
45,9593.219934,9526.332110,9582.482742,-0.697241,-0.111925
46,10097.596735,10027.465850,10086.314351,-0.694530,-0.111733
47,10624.610299,10551.105288,10612.810184,-0.691837,-0.111064
48,11175.087869,11098.073544,11162.806182,-0.689161,-0.109902
49,11749.879112,11669.216081,11737.161626,-0.686501,-0.108235
50,12349.856467,12265.401041,12336.759540,-0.683858,-0.106049
51,12975.915479,12887.519591,12962.507091,-0.681230,-0.103333
52,13628.975149,13536.486264,13615.335992,-0.678620,-0.100075
53,14309.978265,14213.239295,14296.202900,-0.676025,-0.096264
54,15019.891738,14918.740956,15006.089823,-0.673445,-0.091891
55,15759.706943,15653.977889,15746.004515,-0.670882,-0.086946
56,16530.440042,16419.961442,16516.980881,-0.668334,-0.081420
57,17333.132317,17217.727991,17320.079375,-0.665802,-0.075306
58,18168.850493,18048.339268,18156.387400,-0.663285,-0.068596
59,19038.687068,18912.882687,19027.019707,-0.660783,-0.061282
60,19943.760622,19812.471660,19933.118790,-0.658296,-0.053359
